ebifurya,1,5924,
hammer_(sunset_beach),1,5418,aenobas
haruyama_kazunori,1,5230,haruyama
itomugi-kun,1,4518,ringetsumon
mizuki_hitoshi,1,4312,mizukihitoshi
kouji_(campus_life),1,4281,
yaegashi_nan,1,4026,charinko_fox
kanon_(kurogane_knights),1,3950,
ruu_(tksymkw),1,3891,"rakugakiyarou,tksymkw,tsurukou_(tksymkw)"
naga_u,1,3562,
kou_hiyoyo,1,3454,kouu_hiyoyo
tani_takeshi,1,3411,
bkub,1,3365,
rebecca_(keinelove),1,3234,rebecca_(naononakukoroni)
tony_taka,1,3146,"taka_tony,tanaka_takayuki"
ojipon,1,3108,
matsunaga_kouyou,1,3068,
blade_(galaxist),1,3062,"blade_(artist),blade_(lovewn)"
bow_(bhp),1,2983,
ixy,1,2937,
a1_(initial-g),1,2936,a1
hara_(harayutaka),1,2932,hera_(hara0742)
ido_(teketeke),1,2828,
chihuri,1,2802,4sakana5
bb_(baalbuddy),1,2755,
futa_(nabezoko),1,2750,futa4192
hiroki_(yyqw7151),1,2610,
hisahiko,1,2605,
yohane,1,2589,
hews,1,2579,hews_hack
hungry_clicker,1,2567,"click_burgundy,hankuri,hncl"
dd_(ijigendd),1,2563,dd_(artist)
kirisawa_juuzou,1,2538,
zounose,1,2493,manimanima
carnelian,1,2477,
m-da_s-tarou,1,2467,
warugaki_(sk-ii),1,2446,sk-ii
boris_(noborhys),1,2408,shoushin_(shoushin04)
shiseki_hirame,1,2395,
hamu_koutarou,1,2381,
rariatto_(ganguri),1,2379,ganguri
kani_biimu,1,2367,pepepe
houtengeki,1,2359,
minaba_hideo,1,2336,
abubu,1,2335,"abubu_nounanka,nounanka,あぶぶ"
kantoku,1,2331,afterschool_of_the_5th_year
ishiyumi,1,2309,
slugbox,1,2300,
iesupa,1,2299,"helpyourselfish,mojojoj27827860"
tsukishiro_saika,1,2270,"kaede_nagisa,s-syogo"
ichimi,1,2267,
nanashi_(nlo),1,2262,"nanashi_(nlo74593630),nanashi_(user_hagu2878)"
nyantcha,1,2260,
hisona_(suaritesumi),1,2255,hato_satobeni
avogado6,1,2232,
yua_(checkmate),1,2213,
kouno_(masao),1,2177,"masao,shounen_no_uta"
sofra,1,2170,
yukie_(kusaka_shi),1,2164,
drawfag,1,2144,drawfriend
tsukudani_(coke-buta),1,2135,"tuku-dani,tuku_dani"
kanikama,1,2107,"kanihamiso,okkisita"
koyama_shigeru,1,2096,
milkpanda,1,2093,
ueyama_michirou,1,2077,
shino_(ponjiyuusu),1,2072,
neocoill,1,2068,
takafumi,1,2057,
tsunako,1,2018,
sincos,1,1988,trg-_(sain)
belko,1,1975,zuriffin
gomashio_(goma_feet),1,1964,
taisa_(kari),1,1963,teitoku1980
tsuda_nanafushi,1,1962,"fukitamari,rozenweapon"
izumi_tsubasu,1,1960,hisuitei
agawa_ryou,1,1956,
hana_kazari,1,1943,
sayori_(neko_works),1,1925,sayori
konoshige_(ryuun),1,1924,"ryuun_(stiil),ryuun_the_return"
null_(nyanpyoun),1,1898,
wa_(genryusui),1,1898,
kotorai,1,1896,
toosaka_asagi,1,1888,
ginhaha,1,1888,
sumiyao_(amam),1,1884,
mattaku_mousuke,1,1874,mattaku_moosuke
saiguchi_otoufu,1,1872,"fuufu_(dha),otoufu"
mizumizuni,1,1868,thing_(athing)
yamamoto_souichirou,1,1836,kijouyu_udon
echo_(circa),1,1833,"cis05,ekoo"
anti_(untea9),1,1830,
lolita_channel,1,1829,
yuuji_(and),1,1822,
kitsunerider,1,1822,
mochi_au_lait,1,1812,
enkyo_yuuichirou,1,1805,nagisa_kurousagi
beni_shake,1,1804,crimson_shake
miyo_(ranthath),1,1785,
horosuke,1,1784,
yuuhagi_(amaretto-no-natsu),1,1780,amaretto-no-natsu
tomose_shunsaku,1,1778,mugenkidou
mizuki_makoto,1,1775,"jekyll_and_hyde,miduki_makoto"
nekotoufu,1,1774,
fujima_takuya,1,1752,takuya_fujima
haruhisky,1,1751,
zen_(kamuro),1,1741,"suezen,zen"
minami_(colorful_palette),1,1737,
fumihiko_(fu_mihi_ko),1,1724,fumihiko_(pixiv2658856)
kashikaze,1,1709,15kasikaze15
takeuchi_takashi,1,1687,
gonzarez,1,1681,
gweda,1,1678,gwegwe
clearite,1,1671,
yd_(orange_maru),1,1667,"liquify,yang-do,ydh2101"
ishikei,1,1656,"nise,nise_midi_doro_no_kai,nise_midi_doronokai,nisemidi,nisemididoronokai"
diva_(hyxpk),1,1652,
ayu_(mog),1,1649,
yuureidoushi_(yuurei6214),1,1646,
shiromanta,1,1640,
rappa_(rappaya),1,1626,"rapattu,rappa_(pixiv130037)"
creayus,1,1623,
imu_sanjo,1,1621,
matsuryuu,1,1602,matsuryu
ichikawa_feesu,1,1597,feesu_(rinc7600)
shimazaki_mujirushi,1,1595,shimazaki_kazumi
kasumi_(skchkko),1,1588,
mery_(yangmalgage),1,1587,"apfl0515,mery_(apfl0515)"
tukiwani,1,1586,
merunyaa,1,1585,merufur
kaamin_(mariarose753),1,1577,
oouso,1,1576,
chanta_(ayatakaoisii),1,1564,
ha_akabouzu,1,1560,
aaaa_(quad-a),1,1555,
shirosato,1,1552,
hinghoi,1,1550,"freedomthai,kurohime_(princess_fresh_meat)"
goma_(gomasamune),1,1540,gomasamune
nikorashi-ka,1,1536,
kamille_(vcx68),1,1529,
pageratta,1,1525,
as109,1,1525,"fallen_a,g_scream"
asanagi,1,1519,fatalpulse
ohisashiburi,1,1517,"nuae5elll,wntame"
torotei,1,1516,
ebi_193,1,1514,
jako_(jakoo21),1,1513,jakoo21
cle_masahiro,1,1512,"clesta,kure_masahiro"
koruri,1,1511,
yukito_(dreamrider),1,1509,
hizaka,1,1509,
ilya_kuvshinov,1,1508,"kr0npr1nz,madartist"
aldehyde,1,1507,arudehido
butcha-u,1,1503,butcha_u
afrobull,1,1492,
rokugou_daisuke,1,1491,
tonda,1,1486,
eromame,1,1485,"ermame26,saya26,えろ豆"
k-suwabe,1,1485,kei-suwabe
katahira_masashi,1,1481,
yunamaro,1,1478,
agahari,1,1469,
murakami_suigun,1,1461,
phantom_ix_row,1,1457,
dagasi,1,1455,dagashi_(daga2626)
pokemoa,1,1449,soara
mikage_takashi,1,1446,"ashita_wa_docchi_da!,mikage_kishi"
ikeuchi_tanuma,1,1445,
e.o.,1,1443,eo_(pixiv3261838)
cutesexyrobutts,1,1436,robutts
kankan33333,1,1432,"kan_(aaaaari35),monoton8587"
ito_noizi,1,1431,"itou_noiji,noizi_ito"
fumio_(rsqkr),1,1422,humio
sekina,1,1419,
usashiro_mani,1,1418,mani
mizumoto_tadashi,1,1413,mizutataki
kilye_kairi,1,1411,"kilye_4421,kirie_kairi"
lets0020,1,1410,
gurande_(g-size),1,1410,
personal_ami,1,1406,
bubukka,1,1402,
suzuhira_hiro,1,1399,hiro_suzuhira
yuichirou,1,1399,
kaigen_1025,1,1399,
tk8d32,1,1396,
b-ginga,1,1395,"bodimahattayaougaki,body_mahattaya_ginga"
ootsuki_wataru,1,1394,
shimada_fumikane,1,1392,shimada_humikane
sorimachi-doufu,1,1391,merry_(168cm)
nori_tamago,1,1386,
niwatazumi,1,1384,
kuromiya,1,1384,
tsuruse,1,1383,
kawashina_(momen_silicon),1,1380,kahasina
mishima_kurone,1,1378,
fujigaya_arctia,1,1377,
sheya,1,1375,
takiki,1,1371,
dokomon,1,1367,
dr_rex,1,1365,
meito_(maze),1,1364,mayooooon
homare_(fool's_art),1,1362,homare_(artist)
waero,1,1361,
yomu_(sgt_epper),1,1358,tani_(sgt_epper)
chigusa_minori,1,1356,"minori_748,minori_chigusa"
kinkymation,1,1355,
yanyo_(ogino_atsuki),1,1351,"ogino_atsuki,yonyo_(yanyanyo)"
cato_(monocatienus),1,1347,
niiko_(gonnzou),1,1346,gonnzou
makuwauri,1,1343,
satou_kibi,1,1339,satoukibi
asutora,1,1338,
mizuhara_aki,1,1337,
imizu_(nitro_unknown),1,1336,
tonee,1,1335,
negom,1,1335,panmi
fuuzasa,1,1332,
isshiki_(ffmania7),1,1331,ffmania7
asamura_hiori,1,1330,asamura_hio
onikobe_rin,1,1329,"nurearare,onigashira_rin"
kame_(kamepan44231),1,1326,
swd3e2,1,1325,
moisture_(chichi),1,1325,
asteroid_ill,1,1323,asuteroid
karukan_(monjya),1,1323,
ogami_kazuki,1,1321,
kujou_karasuma,1,1320,
karaagetarou,1,1316,
engiyoshi,1,1316,t_tuzuri
happoubi_jin,1,1313,happo
himura_kiseki,1,1313,
mk_(mod0),1,1312,kazu
jokanhiyou,1,1311,shangguan_feiying
dei_shirou,1,1308,orenji_zerii
mauve,1,1307,
saku_usako_(rabbit),1,1307,ususa70
fusu_(a95101221),1,1306,
nishi_koutarou,1,1304,
jjune,1,1304,
sky-freedom,1,1302,sky_(freedom)
frapowa,1,1301,
ririko_(zhuoyandesailaer),1,1300,zhuoyandesailaer
wakabayashi_toshiya,1,1298,
akairiot,1,1298,
kuavera,1,1295,
maturiuta_sorato,1,1295,matsuri_uta
nanase_nao,1,1293,
masukuza_j,1,1293,
akitsuki_karasu,1,1292,"karasu_(karasu1919),shuugetsu_karasu"
namori,1,1288,
samneco,1,1287,
otokuyou,1,1286,"haegiwa,toku_0012,tsunekichi"
optionaltypo,1,1286,"optional_typo,typo_(requiemdusk)"
yokochou,1,1282,
niliu_chahui,1,1281,
ramchi,1,1277,
dishwasher1910,1,1276,bach_do
yabuki_kentarou,1,1273,
hidefu_kitayan,1,1273,hidehukitayan
dandon_fuga,1,1273,
yoshi_tama,1,1269,
mitya,1,1266,miicha
ini_(inunabe00),1,1261,
yano_toshinori,1,1256,
gaoo_(frpjx283),1,1256,
yopparai_oni,1,1255,
mikozin,1,1253,huhuuhusab
tf_cafe,1,1252,
meow_(nekodenki),1,1252,
ikuchan_kaoru,1,1250,"iku_(ikuchan_kaoru),shiroinuchikusyo"
misaki_kurehito,1,1245,
nanakusa_suzuna,1,1243,nanakusa_nazuna
cougar_(cougar1404),1,1237,cougar1404
unya,1,1237,
uccow,1,1233,
seraziel,1,1226,
suzuki_toto,1,1222,
pote_(ptkan),1,1222,ptkan
cait_aron,1,1217,cait
mitsumoto_jouji,1,1214,mitsumoto
oryo_(oryo04),1,1212,oryou
gofu,1,1210,
dairi,1,1205,
kase_daiki,1,1203,"dksha19,kase_dai_teru"
chikuwa.,1,1203,
tanaka_kusao,1,1203,"3年b組しこりぱ先生,930tanaka,@shikoripa,kusao_tanaka,shikoripa,温狐屋(ぬるこや),温狐屋（ぬるこや）,田中草男"
koto_inari,1,1200,inari_(flandoll-scarlet-devil)
yoshio_(55level),1,1196,55level
pentagon_(railgun_ky1206),1,1195,
satou_yuuki,1,1193,
yamashita_shun'ya,1,1192,"shunya_yamashita,yamashita_shunya"
gomennasai,1,1191,
utano,1,1191,
momoko_(momopoco),1,1188,momoco_(momoco_haru)
kagami_hirotaka,1,1188,"kagami,utility_pole_spirit"
jmg,1,1184,
ama_mitsuki,1,1183,
oyari_ashito,1,1182,ooyari_ashito
meyoco,1,1180,
ban!_(bansankan),1,1180,
dikko,1,1179,dai55593
noai_nioshi,1,1177,
horn/wood,1,1177,raw_egg_lent
takato_kurosuke,1,1174,takatoo_kurosuke
eu03,1,1172,ouendan_(artist)
sakura_oriko,1,1166,
mikeou,1,1164,
mossacannibalis,1,1161,
lpip,1,1159,lp_(hamasa00)
elf_(stroll_in_the_woods),1,1159,
tima,1,1159,
92m,1,1158,
goma_(yoku_yatta_hou_jane),1,1153,
6_(yuchae),1,1152,"bungpa6,nagato123,six_(fnrptal1010),stbuzel6"
kukie-nyan,1,1152,
mota,1,1152,
ikari_manatsu,1,1151,
aoshima,1,1145,
urushihara_satoshi,1,1144,"/su,/us"
kemachiku,1,1143,
chan_co,1,1143,
kazenokaze,1,1142,
kashiwamochi_yomogi,1,1140,yomogi
kanpa_(campagne_9),1,1131,
harada_takehito,1,1131,
colonel_aki,1,1129,
spacezin,1,1128,space_jin
jack_dempa,1,1125,"jaku_denpa,mujakuma"
obiwan,1,1120,
bai_lao_shu,1,1116,
momo_no_sukebe,1,1112,ebekus_omom
zanntetu,1,1110,
zyugoya,1,1109,"juugoya_(zyugoya),thukimidanngo"
bee_(deadflow),1,1106,noconol
yukimoto_shuuji_(gurigura),1,1105,
iizuki_tasuku,1,1104,tasuku_iizuki
milkshakework,1,1102,shimokirin
hori_(hori_no_su),1,1101,
piromizu,1,1099,piro_sui
lack,1,1099,
kuro_kosyou,1,1097,kuro-hero
rokuwata_tomoe,1,1096,
oekakizuki,1,1096,
kaisen_chuui,1,1094,kaisenn
jinguu_(4839ms),1,1094,
niwarhythm,1,1093,niwarizumu
rtil,1,1093,
scottie_(phantom2),1,1092,sukocchi
aztodio,1,1092,azto_dio
xinzoruo,1,1089,
annin_musou,1,1088,
seo_tatsuya,1,1087,"illinois_tabako,teddy-plaza"
sakiyamama,1,1086,
fkey,1,1086,
izawa_(bhive003),1,1084,izawa_koushi
ayamy,1,1079,
sakazaki_freddy,1,1078,
hoshizuki_(seigetsu),1,1077,"hoshizuki_(seigetu),seigetu"
misumi_(macaroni),1,1076,sinsihukunokonaka
doitsuken,1,1076,
hizuki_yayoi,1,1074,hiduki_yayoi
serebi_ryousangata,1,1073,"celebi_ryousangata,serebii_ryousangata_(pixiv25994)"
massakasama,1,1072,ma_sakasama
asaya_minoru,1,1072,
youmu-kun,1,1070,
menma_(enaic31),1,1068,
aoki_(fumomo),1,1064,rou_bao
re_ghotion,1,1063,rex_k
gunjyou_(gunjyou_00),1,1053,hoshi_san_3
kurukurumagical,1,1053,
riichu,1,1053,
minakami_(flyingman555),1,1052,agliecosystem
mogudan,1,1052,
awa,1,1050,
shichimenchou,1,1048,"shitimentyou,sitimenchou"
ryoji_(nomura_ryouji),1,1048,"nomura_ryouji,ryoji_(09541085)"
morino_hon,1,1045,
do_m_kaeru,1,1043,
himajin_noizu,1,1043,himajin_no_izu
bigrbear,1,1042,
tanabe_(fueisei),1,1042,
jin_(mugenjin),1,1039,
sousouman,1,1039,ken2325
kloah,1,1038,
catstudioinc_(punepuni),1,1038,catstudio_(artist)
kichihachi,1,1035,kichi8
zunusama,1,1035,
nanao_naru,1,1034,kokonobi
moke_ro,1,1033,mokerou
riyo_(lyomsnpmp),1,1033,
odawara_hakone,1,1032,
criis-chan,1,1032,
ragho_no_erika,1,1030,erika_raguho
7010,1,1030,otoan1202
koyorin,1,1030,clockwork-cadaver
eiri_(eirri),1,1028,haipa_okara
eroe,1,1027,
sakurazawa_izumi,1,1025,chronolog
mo_(kireinamo),1,1025,
akinbo_(hyouka_fuyou),1,1025,akinbo_(kyouka_fuyou)
kenkou_cross,1,1020,kenkou_kurosu
qqqrinkappp,1,1020,
kfr,1,1019,
choufu_shimin,1,1019,
abmayo,1,1016,
em_(totsuzen_no_hakike),1,1015,em
bosshi,1,1015,askray
sakimichan,1,1014,
niichi_(komorebi-palette),1,1013,mikkii
kazuma_muramasa,1,1012,
sakuraba_yuuki,1,1011,personal_color
cis_(carcharias),1,1010,"carcharias!,cercis,makura-ko_(nacoll)"
kishida_mel,1,1010,kishida_meru
setz,1,1010,
shirabi,1,1009,
bbb_(friskuser),1,1008,
kairunoburogu,1,1004,"kairuhentai,kyle_(kairunoburogu)"
jun_(navigavi),1,1001,jun_(seojh1029)
