fan_character,11,141140,"custom_character,fan-character,fan_characters,fancharacter,fc,oc,oc_character,oc_only,oc_pony,ocs,original_character,original_characters,original_the_character,originalcharacter,poke_sona,pokemon_oc,pokesona,ponysona,sonic_fan_character,sonic_fancharacter"
hatsune_miku,4,106634,"/hm,miku_hatsune"
hakurei_reimu,4,79395,/hr
kirisame_marisa,4,71304,/km
remilia_scarlet,4,52785,/rs
flandre_scarlet,4,52598,/fs
izayoi_sakuya,4,46326,/is
artoria_pendragon_(fate),4,38099,"altria_pendragon_(fate),artoria_pendragon_(all)"
admiral_(kancolle),4,37876,"admiral_(kantai_collection),teitoku_(kantai_collection)"
twilight_sparkle_(mlp),11,37066,"dusk_shine_(mlp),princess_twilight,princess_twilight_sparkle_(mlp),queen_twilight,twi_staff,twilght_sparkle_(mlp),twilight_sparke_(mlp),twiligth_sparkle_(mlp),twlight_sparkle_(mlp)"
kochiya_sanae,4,35583,"/ks,kotiya_sanae"
konpaku_youmu,4,35315,/ky
komeiji_koishi,4,35197,
alice_margatroid,4,34946,/am
cirno,4,34942,
patchouli_knowledge,4,34660,/pk
yakumo_yukari,4,32831,/yy
fluttershy_(mlp),11,29685,"butterscotch_(mlp),flutterguy,flutterguy_(mlp),futashy,futashy_(mlp),psychoshy_(mlp)"
shameimaru_aya,4,29096,/sa
rainbow_dash_(mlp),11,28722,"rainbow_blitz_(mlp),tatzldash"
reisen_udongein_inaba,4,27246,"/rui,reisen"
fujiwara_no_mokou,4,26805,"/fm,/fnm,fujiwara_mokou,huziwara_no_mokou"
akemi_homura,4,26332,
komeiji_satori,4,25986,
kaname_madoka,4,25598,
hong_meiling,4,25188,ex-meiling
rarity_(mlp),11,24850,"elusive_(mlp),lil_miss_rarity,rarity"
pinkie_pie_(mlp),11,24314,"bubble_berry_(mlp),kinky_pie,pinky_pie,pinky_pie_(mlp)"
saigyouji_yuyuko,4,24288,/sy
inubashiri_momiji,4,22792,inubashiri_momizi
kaga_(kancolle),4,21511,kaga_(kantai_collection)
kagamine_rin,4,21203,/kr
applejack_(mlp),11,21179,"apple_jack,apple_jack_(mlp),applelion_(mlp),tatzljack"
princess_celestia_(mlp),11,21083,"celestia,celestia_(mlp),char_princess_celestia_(mlp),prince_malestia_(mlp),princess_trollestia_(mlp),solaris_(mlp),sunbutt,trollestia,trollestia_(mlp)"
yakumo_ran,4,20295,/yr
princess_luna_(mlp),11,20262,"luna_(mlp),lunaughty,prince_artemis_(mlp),trolluna,trolluna_(mlp),woona"
kaenbyou_rin,4,19459,orin
konpaku_youmu_(ghost),4,19428,myon
rumia,4,19219,
moriya_suwako,4,19005,/ms
sensei_(blue_archive),4,18868,
shimakaze_(kancolle),4,18784,"shimakaze_(kantai_collection),zekamashi"
miki_sayaka,4,18396,
ganyu_(genshin_impact),4,18317,"ganyu,kan'u_(genshin_impact)"
chen,4,18227,
reiuji_utsuho,4,18135,okuu
miles_prower,11,18090,"melissa_""tailsko""_prower,miles_""tails""_prower,miles_tails_prower,millie_prower,tails_(sonic_the_hedgehog),tails_the_fox,tails_the_kitsune,tailsko,tailsko_(sonic)"
kazami_yuuka,4,17998,kazami_yuka
warrior_of_light_(ff14),4,17395,"avatar_(ff14),avatar_(ffxiv)"
saber_(fate),4,17258,
mash_kyrielight,4,17256,"shielder_(fate/grand_order),shielder_mash_kyrielight"
hibiki_(kancolle),4,16945,hibiki_(kantai_collection)
tatara_kogasa,4,16683,
kawashiro_nitori,4,16588,
shigure_(kancolle),4,16482,shigure_(kantai_collection)
kamishirasawa_keine,4,16278,/kk
krystal_(star_fox),11,16230,krystal_(starfox)
hinanawi_tenshi,4,16030,"hinanai_tenshi,tenshi_hinanai"
sakura_kyoko,4,15733,sakura_kyouko
lumine_(genshin_impact),4,15649,"female_traveler_(genshin_impact),hotaru_(genshin_impact),ying_(genshin_impact)"
tomoe_mami,4,15461,
raiden_shogun,4,15371,"baal_(genshin_impact),raiden_(genshin_impact),raiden_shogun_(genshin_impact)"
link,4,15233,link_(breath_of_the_wild)
houraisan_kaguya,4,15108,/hk
mystia_lorelei,4,14893,
souryuu_asuka_langley,4,14708,"/sal,asuka_langley_souryuu,shikinami_asuka_langely,shikinami_asuka_langley,shikinami_asuka_langly,sohryu_asuka_langley,soryu_asuka_langley,soryuu_asuka_langly,souryuu_asuka_langly"
koakuma,4,14699,
inaba_tewi,4,14104,inaba_tei
ibuki_suika,4,14020,
houshou_marine,4,13998,
kongou_(kancolle),4,13631,kongou_(kantai_collection)
gawr_gura,4,13604,
kagamine_len,4,13582,kagamine_ren
nazrin,4,13522,
fujimaru_ritsuka_(male),4,13337,"gudao,male_protagonist_(fate/grand_order)"
hijiri_byakuren,4,13133,
inazuma_(kancolle),4,13089,inazuma_(kantai_collection)
inkling_player_character,4,12855,
tamamo_(fate),4,12762,tamamo_(fate)_(all)
akagi_(kancolle),4,12620,akagi_(kantai_collection)
fujimaru_ritsuka_(female),4,12565,"female_protagonist_(fate/grand_order),gudako"
houjuu_nue,4,12563,
gotoh_hitori,4,12369,"bocchi_(bocchi_the_rock!),gotou_hitori"
pikachu,4,12297,
akemi_homura_(magical_girl),4,11968,
yuuka_(blue_archive),4,11938,hayase_yuuka
jeanne_d'arc_alter_(fate),4,11908,"jalter,jeanne_d'arc_(alter)_(fate)"
spike_(mlp),11,11869,"barb_(mlp),barb_the_dragon_(mlp),barbara_(mlp),barbara_the_dragon_(mlp),barbra_(mlp),barbra_the_dragon_(mlp),feral_spike,feral_spike_(mlp)"
princess_zelda,4,11868,"zelda,zelda_(breath_of_the_wild)"
megurine_luka,4,11834,
hu_tao_(genshin_impact),4,11823,hu_tao
yasaka_kanako,4,11756,
yagokoro_eirin,4,11719,/ye
asuna_(blue_archive),4,11709,ichinose_asuna
tifa_lockhart,4,11690,tifa_lockheart
yuudachi_(kancolle),4,11670,yuudachi_(kantai_collection)
tenryuu_(kancolle),4,11669,tenryuu_(kantai_collection)
mizuhashi_parsee,4,11482,
fubuki_(kancolle),4,11480,fubuki_(kantai_collection)
scaramouche_(genshin_impact),4,11343,
abigail_williams_(fate),4,11335,abigail_williams_(fate/grand_order)
ikazuchi_(kancolle),4,11036,ikazuchi_(kantai_collection)
shirakami_fubuki,4,10913,
inkling_girl,4,10890,
doodle_sensei_(blue_archive),4,10850,arona's_sensei_doodle_(blue_archive)
gardevoir,4,10623,"female_gardevoir,male_gardevoir,shiny_gardevoir"
kagiyama_hina,4,10360,
hoshimachi_suisei,4,10347,"hoshimati_suisei,suisei_channel"
akatsuki_(kancolle),4,10342,akatsuki_(kantai_collection)
zuikaku_(kancolle),4,10330,zuikaku_(kantai_collection)
akiyama_mio,4,10205,
suzumiya_haruhi,4,10180,"/sh,haruhi_suzumiya"
toyosatomimi_no_miko,4,10161,
shiroko_(blue_archive),4,10119,sunaookami_shiroko
hamakaze_(kancolle),4,10092,hamakaze_(kantai_collection)
nero_claudius_(fate),4,10076,"nero_claudius_(fate)_(all),saber_extra"
2b_(nier:automata),4,9943,"2b_(nier),yorha_no._2_type_b"
nanami_chiaki,4,9934,
yae_miko,4,9874,"yae_(genshin_impact),yae_miko_(genshin_impact)"
haruna_(kancolle),4,9849,haruna_(kantai_collection)
aether_(genshin_impact),4,9779,"kong_(genshin_impact),male_traveler_(genshin_impact),sora_(genshin_impact)"
hina_(blue_archive),4,9755,sorasaki_hina
nagato_(kancolle),4,9612,nagato_(kantai_collection)
morichika_rinnosuke,4,9605,"kourin,rinnosuke_morichika"
hoshiguma_yuugi,4,9557,hoshiguma_yugi
cloud_strife,4,9518,
nishizumi_miho,4,9477,
fate_testarossa,4,9442,"/ft,fate_t_harlaown,fate_testarossa_harlaown"
trailblazer_(honkai:_star_rail),4,9442,
kashima_(kancolle),4,9429,kashima_(kantai_collection)
shigure_kai_ni_(kancolle),4,9426,
daiyousei,4,9322,
furina_(genshin_impact),4,9314,
usami_renko,4,9286,
mononobe_no_futo,4,9243,
wriggle_nightbug,4,9168,
usada_pekora,4,9138,
producer_(idolmaster),4,9121,
misaka_mikoto,4,9109,
kaname_madoka_(magical_girl),4,9096,
shanghai_doll,4,9078,
zhongli_(genshin_impact),4,9077,shouri_(genshin_impact)
shiki_eiki,4,9075,"/syx,shikieiki_yamaxanadu,sikieiki_yamaxanadu"
rem_(re:zero),4,9053,
tohsaka_rin,4,9017,toosaka_rin
manjuu_(azur_lane),4,8983,
maribel_hearn,4,8956,maribel_han
onozuka_komachi,4,8934,
nagato_yuki,4,8914,"/ny,yuki.n"
nakano_azusa,4,8893,
anon,11,8871,
illyasviel_von_einzbern,4,8860,"illya_(fate),illyasviel_(fate),ilya"
jeanne_d'arc_alter_(avenger)_(fate),4,8809,jeanne_d'arc_(alter)_(fate)
suzuya_(kancolle),4,8776,suzuya_(kantai_collection)
ayanami_rei,4,8746,
kyubey,4,8662,"kyuubee,kyuubey"
imaizumi_kagerou,4,8627,
ninomae_ina'nis,4,8598,
scathach_(fate),4,8595,"scathach_(fate)_(all),scathach_(fate/grand_order)"
mori_calliope,4,8583,calliope_mori
ryuujou_(kancolle),4,8581,ryuujou_(kantai_collection)
tomoe_mami_(magical_girl),4,8492,
yuudachi_kai_ni_(kancolle),4,8481,
hirasawa_yui,4,8443,
queen_chrysalis_(mlp),11,8440,chrysalis_(mlp)
doctor_(arknights),4,8419,
firefly_(honkai:_star_rail),4,8383,hotaru_(honkai:_star_rail)
minato_aqua,4,8376,
hoshino_(blue_archive),4,8376,takanashi_hoshino
frieren,4,8365,
yor_briar,4,8359,
megumin,4,8355,
nahida_(genshin_impact),4,8342,kusanali_(genshin_impact)
mika_(blue_archive),4,8222,misono_mika
trainer_(umamusume),4,8173,
toki_(blue_archive),4,7979,asuma_toki
mona_(genshin_impact),4,7968,
houshou_(kancolle),4,7926,houshou_(kantai_collection)
miki_sayaka_(magical_girl),4,7888,
matoi_ryuuko,4,7884,
toramaru_shou,4,7872,
takamachi_nanoha,4,7859,/tn
jeanne_d'arc_(fate),4,7838,"jeanne_d'_arc_(fate),jeanne_d'arc_(fate)_(all),jeanne_d_arc_(fate),jeanne_darc_(fate),ruler_(fate/apocrypha)"
serval_(kemono_friends),4,7799,
sweetie_belle_(mlp),11,7766,"sweetie_bell,sweetie_bell_(mlp),sweetiebelle,sweetiebelle_(mlp)"
dawn_(pokemon),4,7718,"dawn_(pokémon),hikari_(pokemon),platina_(pokemon),platina_berlitz,platinum_(pokemon),platinum_berlitz"
joseph_joestar,4,7684,
nekomata_okayu,4,7663,
legoshi_(beastars),11,7585,legosi_(beastars)
keqing_(genshin_impact),4,7536,"keqing,kokusei_(genshin_impact)"
nanashi_mumei,4,7508,mumei_nanashi
amiya_(arknights),4,7507,
sakura_miko,4,7482,
himekaidou_hatate,4,7430,
yuzuki_yukari,4,7405,
nishikino_maki,4,7389,
makima_(chainsaw_man),4,7344,
amatsukaze_(kancolle),4,7344,amatsukaze_(kantai_collection)
trixie_(mlp),11,7341,trixie_lulamoon_(mlp)
lillie_(pokemon),4,7337,lillie_(pokémon)
aerith_gainsborough,4,7334,aeris_gainsborough
tokoyami_towa,4,7331,
princess_cadance_(mlp),11,7319,"cadance,cadance_(mlp),cadence_(mlp),mi_amore_cadenza,mi_amore_cadenza_(mlp),princess_cadance(mlp),princess_cadence,princess_cadence_(mlp),princess_candance,princess_candance_(mlp),princess_cedance,princess_cedance_(mlp),princess_mi_amore_cadenza,princess_mi_amore_cadenza_(mlp)"
murakumo_(kancolle),4,7303,murakumo_(kantai_collection)
pyra_(xenoblade),4,7280,"homura_(xenoblade_2),pyra_(xenoblade_chronicles_2)"
byleth_(fire_emblem),4,7234,byleth
tainaka_ritsu,4,7229,
kaku_seiga,4,7214,
tojo_nozomi,4,7210,toujou_nozomi
ouro_kronii,4,7201,kronii_ouro
shining_armor_(mlp),11,7178,"gleaming_shield_(mlp),shining_armor,shining_armour_(mlp)"
kafuu_chino,4,7176,
kaito_(vocaloid),4,7175,kaito
takanashi_kiara,4,7155,
kasane_teto,4,7148,
okita_souji_(fate),4,7134,"okita_souji_(fate)_(all),sakura_saber"
sonoda_umi,4,7122,
kinomoto_sakura,4,7103,
ushio_(kancolle),4,7102,ushio_(kantai_collection)
murasa_minamitsu,4,7083,
kirby,4,7069,
shibuya_rin,4,7055,
big_macintosh_(mlp),11,7055,"big_mac_(mlp),big_macareina_gala_(mlp),big_macintosh,big_mcintosh,macareina_(mlp)"
chun-li,4,7033,"chun_li,chunli"
yukikaze_(kancolle),4,6970,yukikaze_(kantai_collection)
yamato_(kancolle),4,6963,yamato_(kantai_collection)
kujo_jotaro,4,6907,kuujou_joutarou
may_(pokemon),4,6893,"haruka_(pokemon),may_(pokémon),odamaki_sapphire,sapphire_(pokemon),sapphire_birch"
apple_bloom_(mlp),11,6850,"applebloom,applebloom_(mlp)"
atago_(kancolle),4,6827,atago_(kantai_collection)
yazawa_nico,4,6815,
ayase_eli,4,6814,ayase_eri
shuten_douji_(fate),4,6773,shuten_douji_(fate/grand_order)
hata_no_kokoro,4,6750,
shoukaku_(kancolle),4,6731,shoukaku_(kantai_collection)
oma_kokichi,4,6723,ouma_kokichi
northern_ocean_princess,4,6708,"northern_ocean_hime,northern_sea_princess"
tamamo_no_mae_(fate/extra),4,6700,"caster_(fate/extra),tamamo_no_mae_(fate)"
koharu_(blue_archive),4,6690,shimoe_koharu
venti_(genshin_impact),4,6665,
nagae_iku,4,6663,
scootaloo_(mlp),11,6649,"scootabuse,scootaffection,scootalove,scootlaoo_(mlp)"
rosa_(pokemon),4,6619,"female_protagonist_(pokemon_bw2),mei_(pokemon),rosa_(pokémon),whi-two_(pokemon),white2_(pokemon),white2_(pokémon),white_2_(pokemon),white_2_(pokémon),whitley_(pokemon)"
agnes_tachyon_(umamusume),4,6606,
ibaraki_kasen,4,6604,ibara_kasen
aris_(blue_archive),4,6600,"alice_(blue_archive),arisu_(blue_archive),tendou_aris"
akebono_(kancolle),4,6587,akebono_(kantai_collection)
stitch_(lilo_and_stitch),11,6578,"experiment_626,stitch_(626),stitch_(disney),stitch_(l&s),stitch_(las),stitch_(stitch)"
watson_amelia,4,6543,amelia_watson
sakura_kyoko_(magical_girl),4,6522,
princess_peach,4,6505,
mythra_(xenoblade),4,6502,"hikari_(xenoblade_2),mythra_(xenoblade_chronicles_2)"
joseph_joestar_(young),4,6459,
texas_(arknights),4,6446,
stelle_(honkai:_star_rail),4,6425,"female_trailblazer_(honkai:_star_rail),trailblazer_(honkai:_star_rail)_(female)"
astolfo_(fate),4,6417,"astolfo,rider_astolfo,rider_of_""black"",rider_of_black,rider_of_black_astolfo"
mari_(blue_archive),4,6413,iochi_mari
hilda_(pokemon),4,6406,"female_protagonist_(pokemon_b&w),hilda_(pokémon),touko,touko_(pokemon),white_(pokemon),white_(pokémon)"
marnie_(pokemon),4,6401,"marnie_(pokémon),mary_(pokemon)"
gawr_gura_(1st_costume),4,6382,
soga_no_tojiko,4,6353,
kamisato_ayaka,4,6321,"ayaka_(genshin_impact),kamisato_ayaka_(genshin_impact)"
paimon_(genshin_impact),4,6308,
gilgamesh_(fate),4,6291,gilgamesh
kita_ikuyo,4,6229,
miyako_yoshika,4,6225,
kisaki_(blue_archive),4,6221,ryuuge_kisaki
kitakami_(kancolle),4,6219,kitakami_(kantai_collection)
kurodani_yamame,4,6217,
samus_aran,4,6209,"samus,zero_suit_samus"
nami_(one_piece),4,6204,
kasodani_kyouko,4,6186,
matou_sakura,4,6150,
ooyodo_(kancolle),4,6149,"ninmu_musume,ooyodo_(kantai_collection)"
kumoi_ichirin,4,6110,
rice_shower_(umamusume),4,6100,
wanderer_(genshin_impact),4,6100,scaramouche_(wanderer)_(genshin_impact)
klee_(genshin_impact),4,6096,
darjeeling_(girls_und_panzer),4,6092,darjeeling
derpy_hooves_(mlp),11,6078,"derpi_hooves_(mlp),derpy_(mlp),ditzy_doo,ditzy_doo_(mlp),muffin_(mlp),muffins_(mlp)"
clownpiece,4,6057,
nishikigi_chisato,4,6021,
rensouhou-chan,4,6019,
kazusa_(blue_archive),4,6000,kyouyama_kazusa
tartaglia_(genshin_impact),4,5985,childe_(genshin_impact)
komaeda_nagito,4,5981,
saihara_shuichi,4,5956,saihara_shuuichi
hoshii_miki,4,5935,
hiiragi_kagami,4,5868,
watanabe_you,4,5863,
emiya_shirou,4,5855,
mordred_(fate),4,5849,"mordred_(fate)_(all),saber_of_red"
rio_(blue_archive),4,5845,tsukatsuki_rio
mejiro_mcqueen_(umamusume),4,5840,mejiro_mcqueen
cu_chulainn_(fate),4,5835,cu_chulainn_(fate)_(all)
jeanne_d'arc_(ruler)_(fate),4,5829,"jeanne_d'arc_(fate/apocrypha),ruler_(fate/apocrypha)"
kijin_seija,4,5824,
nishizumi_maho,4,5819,
karin_(blue_archive),4,5798,kakudate_karin
asashio_(kancolle),4,5796,asashio_(kantai_collection)
suletta_mercury,4,5784,protagonist_(gundam_suisei_no_majo)
prinz_eugen_(kancolle),4,5780,prinz_eugen_(kantai_collection)
shirogane_noel,4,5766,
daiwa_scarlet_(umamusume),4,5760,daiwa_scarlet
eula_(genshin_impact),4,5743,"eula,eula_lawrence"
meiko_(vocaloid),4,5737,meiko
sekibanki,4,5717,
inugami_korone,4,5705,korone_inugami
oyama_mahiro,4,5705,
sakamata_chloe,4,5693,
minamoto_no_raikou_(fate),4,5687,minamoto_no_raikou_(fate/grand_order)
mutsu_(kancolle),4,5674,mutsu_(kantai_collection)
shenhe_(genshin_impact),4,5671,
amane_kanata,4,5666,
junko_(touhou),4,5666,
oozora_subaru,4,5664,
kafka_(honkai:_star_rail),4,5656,
gold_ship_(umamusume),4,5650,gold_ship
itsumi_erika,4,5647,
kotobuki_tsumugi,4,5640,
kaban_(kemono_friends),4,5638,kaban
dio_brando,4,5631,
ookami_mio,4,5628,
aki_minoriko,4,5623,
asuna_(bunny)_(blue_archive),4,5581,"asuna_(bunny_girl)_(blue_archive),ichinose_asuna_(bunny)"
gloria_(pokemon),4,5578,"casey_shield,female_protagonist_(pokemon_swsh),female_protagonist_(pokémon_swsh),female_protagonist_(swsh),gloria_(pokémon),yuuri_(pokemon)"
kayoko_(blue_archive),4,5565,onikata_kayoko
morrigan_aensland,4,5561,
izumi_konata,4,5546,konata
pokemon_trainer,11,5540,pokémon_trainer
hieda_no_akyuu,4,5538,hieda_no_akyu
tatsuta_(kancolle),4,5506,tatsuta_(kantai_collection)
tsukino_usagi,4,5495,
female_admiral_(kancolle),4,5492,female_admiral_(kantai_collection)
byleth_(female)_(fire_emblem),4,5490,byleth_(female)
archer_(fate),4,5454,
minami_kotori,4,5451,
c.c.,4,5442,cc
skadi_(arknights),4,5433,
bb_(fate),4,5427,"bb_(fate)_(all),bb_(fate/extra_ccc)"
hinata_hajime,4,5420,
fern_(sousou_no_frieren),4,5410,
manhattan_cafe_(umamusume),4,5393,
anchovy_(girls_und_panzer),4,5388,"anchovy,anzai_chiyomi"
musashi_(kancolle),4,5316,musashi_(kantai_collection)
hk416_(girls'_frontline),4,5298,"416_(girls'_frontline),hk416_(girls_frontline)"
sendai_(kancolle),4,5286,sendai_(kantai_collection)
xiao_(genshin_impact),4,5282,shou_(genshin_impact)
bismarck_(kancolle),4,5265,bismarck_(kantai_collection)
takao_(kancolle),4,5248,takao_(kantai_collection)
ooi_(kancolle),4,5247,ooi_(kantai_collection)
asuna_(sao),4,5224,yuuki_asuna
aqua_(konosuba),4,5221,
akashi_(kancolle),4,5218,"akashi_(kantai_collection),item_shop_musume_(kantai_collection)"
cynthia_(pokemon),4,5194,"cynthia_(pokémon),shirona_(pokemon)"
son_goku,4,5181,son_gokuu
aru_(blue_archive),4,5145,rikuhachima_aru
caesar_anthonio_zeppeli,4,5142,
amami_haruka,4,5134,
medusa_(fate),4,5133,
taihou_(azur_lane),4,5131,
anya_(spy_x_family),4,5121,
ash_ketchum,4,5119,"ash_(pokemon),satoshi_(pokemon)"
arona_(blue_archive),4,5092,
miorine_rembran,4,5087,
boo_tao_(genshin_impact),4,5084,
yumemi_riamu,4,5083,
toy_chica_(fnaf),11,5076,
sukuna_shinmyoumaru,4,5075,
houshou_marine_(1st_costume),4,5064,
futatsuiwa_mamizou,4,5058,
shiranui_(kancolle),4,5044,shiranui_(kantai_collection)
midoriya_izuku,4,5040,deku_(boku_no_hero_academia)
ijichi_nijika,4,5021,
shishiro_botan,4,5019,
yoko_littner,4,5007,yoko_ritona
d.va_(overwatch),4,5007,"d.va,diva_(overwatch),hana_song,song_hana"
sazanami_(kancolle),4,5004,sazanami_(kantai_collection)
yukihana_lamy,4,5002,
okita_souji_(koha-ace),4,4995,"okita_souji_(koha/ace),sakura_saber"
kiana_kaslana,4,4990,
higuchi_madoka,4,4988,
acheron_(honkai:_star_rail),4,4977,yomi_(honkai:_star_rail)
aki_shizuha,4,4977,
akiyama_yukari,4,4976,
souryuu_(kancolle),4,4976,souryuu_(kantai_collection)
inoue_takina,4,4962,
red_(pokemon),4,4954,red_(pokémon)
hanako_(blue_archive),4,4941,urawa_hanako
wonderbolts_(mlp),11,4936,"the_wonder_bolt,the_wonder_bolt_(mlp),the_wonder_bolts,the_wonder_bolts_(mlp),the_wonderbolt,the_wonderbolt_(mlp),the_wonderbolts,the_wonderbolts_(mlp),wonder_bolt,wonder_bolt_(mlp),wonder_bolts,wonder_bolts_(mlp),wonderbolt,wonderbolt_(mlp),wonderbolts"
shijou_takane,4,4922,
tokai_teio_(umamusume),4,4912,tokai_teio
hecatia_lapislazuli,4,4893,
gumi,4,4888,
samidare_(kancolle),4,4881,samidare_(kantai_collection)
shirasaka_koume,4,4876,
nero_claudius_(fate/extra),4,4871,saber_extra
senketsu,4,4869,
letty_whiterock,4,4868,
oshino_shinobu,4,4863,
kosaka_honoka,4,4862,kousaka_honoka
yamashiro_(kancolle),4,4855,yamashiro_(kantai_collection)
power_(chainsaw_man),4,4852,
kisaragi_chihaya,4,4845,
monkey_d._luffy,4,4809,"luffy_(one_piece),monkey_d_luffy"
elysia_(honkai_impact),4,4805,
bremerton_(azur_lane),4,4796,
mordred_(fate/apocrypha),4,4785,saber_of_red
iowa_(kancolle),4,4777,iowa_(kantai_collection)
kiryuuin_satsuki,4,4758,
mario,4,4748,
kasumi_(kancolle),4,4744,kasumi_(kantai_collection)
vinyl_scratch_(mlp),11,4729,"dj-pon3,dj_pon-3,dj_pon-3_(mlp),dj_pon3,dj_pon3_(mlp),vinl_scratch_(mlp),vinly_scratch_(mlp)"
suigintou,4,4729,
hiei_(kancolle),4,4727,hiei_(kantai_collection)
kikuchi_makoto,4,4723,
plana_(blue_archive),4,4714,a.r.o.n.a_(blue_archive)
ako_(blue_archive),4,4713,amau_ako
cammy_white,4,4693,
lappland_(arknights),4,4689,
ro-500_(kancolle),4,4676,ro-500_(kantai_collection)
nilou_(genshin_impact),4,4659,
eevee,4,4657,
toki_(bunny)_(blue_archive),4,4656,asuma_toki_(bunny)
momoi_(blue_archive),4,4624,saiba_momoi
scp-1471-a,11,4624,"malo,scp-1471,scp_1471"
wo-class_aircraft_carrier,4,4621,wo-class_(kantai_collection)
minase_iori,4,4579,
atago_(azur_lane),4,4578,
ereshkigal_(fate),4,4570,ereshkigal_(fate/grand_order)
spyro,11,4565,spyro_(adult_form)
kirishima_(kancolle),4,4561,kirishima_(kantai_collection)
verniy_(kancolle),4,4545,verniy_(kantai_collection)
hakos_baelz,4,4535,baelz_hakos
serena_(pokemon),4,4533,"female_protagonist_(pokemon_xy),serena_(pokémon),y_(pokemon),y_na_gaabena,yvonne_(pokemon),yvonne_gabena"
march_7th_(honkai:_star_rail),4,4533,
shimamura_uzuki,4,4520,
hoshizora_rin,4,4514,
meltryllis_(fate),4,4506,"meltlilith,meltryllis"
formidable_(azur_lane),4,4498,
ikari_shinji,4,4487,
mirko,4,4471,"miruko_(boku_no_hero_academia),usagiyama_rumi"
octoling_player_character,4,4468,
fu_hua,4,4463,
ceres_fauna,4,4452,
prinz_eugen_(azur_lane),4,4448,
la+_darknesss,4,4424,laplus_darknesss
kindred_(lol),11,4424,
ellen_joe,4,4421,
murasaki_shion,4,4420,
kitagawa_marin,4,4411,
uruha_rushia,4,4408,
takagaki_kaede,4,4397,
saber_alter,4,4387,"black_saber,dark_saber,saber_alter_(swimsuit),saber_artoria_pendragon_(alter),saber_artoria_pendragon_(alter)_swimsuit,saber_artoria_pendragon_alter,saber_artoria_pendragon_alter_swimsuit"
denji_(chainsaw_man),4,4380,
starlight_glimmer_(mlp),11,4362,
ultimate_madoka,4,4355,"goddess_madoka,madokami"
yamada_ryo,4,4346,yamada_ryou
corrin_(fire_emblem),4,4340,"avatar_(fire_emblem_if),corrin_(fire_emblem_if),kamui_(fire_emblem_if),my_unit_(fire_emblem_if)"
sagisawa_fumika,4,4338,
lamb_(lol),11,4326,
ex-keine,4,4322,"ex_keine,exkeine"
lucina_(fire_emblem),4,4321,
miyamoto_musashi_(fate),4,4316,miyamoto_musashi_(fate/grand_order)
uraraka_ochaco,4,4313,"uraraka_ochako,uravity_(boku_no_hero_academia)"
djeeta_(granblue_fantasy),4,4297,gita_(granblue_fantasy)
ganaha_hibiki,4,4285,
selene_(pokemon),4,4283,"mizuki_(pokemon),moon_(pokemon),moon_(pokémon),selene_(pokémon)"
yuubari_(kancolle),4,4279,yuubari_(kantai_collection)
suzuran_(arknights),4,4250,
wakasagihime,4,4248,
master_tigress,11,4246,"mastertigress,tigress_(kfp)"
silence_suzuka_(umamusume),4,4234,silence_suzuka
karyl_(princess_connect!),4,4230,"kyaru_(princess_connect!),kyaru_(princess_connect)"
nico_robin,4,4221,
asahina_mikuru,4,4220,
marcille_donato,4,4210,marcille
discord_(mlp),11,4208,"eris_(mlp),eris_the_draconequus_(mlp)"
noa_(blue_archive),4,4205,ushio_noa
kiso_(kancolle),4,4183,kiso_(kantai_collection)
kishin_sagume,4,4181,
zero_two_(darling_in_the_franxx),4,4179,code:002
nakiri_ayame,4,4145,
freddy_(fnaf),11,4142,
hiryuu_(kancolle),4,4138,hiryuu_(kantai_collection)
hatsutori_hajime,4,4121,
ishtar_(fate),4,4107,"ishtar_(fate)_(all),ishtar_(fate/grand_order)"
usada_pekora_(1st_costume),4,4106,
rivet_(ratchet_and_clank),11,4104,rift_apart_lombax
kuroki_tomoko,4,4097,
roronoa_zoro,4,4095,
shiranui_flare,4,4077,
octavia_(mlp),11,4063,octavia
miyu_(blue_archive),4,4061,kasumizawa_miyu
yelan_(genshin_impact),4,4054,
gojou_satoru,4,4048,
adachi_rei,4,4046,
haruno_sakura,4,4041,
edelgard_von_hresvelg,4,4040,
black_rock_shooter_(character),4,4033,/brsc
tsushima_yoshiko,4,4026,
medusa_(rider)_(fate),4,4015,
baobhan_sith_(fate),4,4015,"fairy_knight_tristan_(fate),tam_lin_tristan_(fate),tristan_(fairy_knight)_(fate)"
ahri_(league_of_legends),4,4009,ahri
graf_zeppelin_(kancolle),4,4002,graf_zeppelin_(kantai_collection)
lily_white,4,3998,
iseri_nina,4,3993,
midori_(blue_archive),4,3983,saiba_midori
belfast_(azur_lane),4,3970,
bakugou_katsuki,4,3969,
mutsuki_(blue_archive),4,3962,asagi_mutsuki
sirius_(azur_lane),4,3959,
sailor_moon,4,3948,sailormoon
iono_(pokemon),4,3941,
kanna_(blue_archive),4,3938,ogata_kanna_(blue_archive)
saori_(blue_archive),4,3938,joumae_saori
commander_(azur_lane),4,3938,"admiral_(azur_lane),shikikan_(azur_lane)"
raiden_mei,4,3935,
takatsuki_yayoi,4,3931,
koizumi_hanayo,4,3911,
takarada_rikka,4,3909,
jougasaki_mika,4,3904,
kyon,4,3898,
sonic_the_hedgehog,4,3890,"sonic,sonic_(character),sonic_(sonic),sonica_(sonic),sonica_the_hedgehog"
sparkle_(honkai:_star_rail),4,3886,hanabi_(honkai:_star_rail)
hasumi_(blue_archive),4,3879,hanekawa_hasumi
tachibana_arisu,4,3873,
furude_rika,4,3870,
hestia_(danmachi),4,3860,hestia_(dungeon)
kiryu_coco,4,3850,kiryuu_coco
nightmare_moon_(mlp),11,3842,
narukami_yuu,4,3838,"protagonist_(persona4),protagonist_(persona_4),seta_souji"
kal'tsit_(arknights),4,3831,
stocking_(psg),4,3827,anarchy_stocking
bowsette,4,3822,
misty_(pokemon),4,3807,"gym_leader_misty,kasumi_(pokemon),misty,misty_(gym_leader),misty_(pokémon),the_tomboyish_mermaid!_misty,the_tomboyish_mermaid_misty,tomboyish_mermaid!_misty,tomboyish_mermaid_misty"
sangonomiya_kokomi,4,3806,"kokomi_(genshin_impact),sangonomiya_kokomi_(genshin_impact)"
kanzaki_ranko,4,3795,
takebe_saori,4,3787,
hinoshita_kaho,4,3785,
sakurauchi_riko,4,3771,
zuihou_(kancolle),4,3759,zuihou_(kantai_collection)
arlecchino_(genshin_impact),4,3757,
naganami_(kancolle),4,3752,naganami_(kantai_collection)
naka_(kancolle),4,3730,naka_(kantai_collection)
fischl_(genshin_impact),4,3730,
cu_chulainn_(fate/stay_night),4,3716,lancer
bronya_zaychik,4,3707,
nakano_nino,4,3701,
kaedehara_kazuha,4,3700,"kaedehara_kazuha_(genshin_impact),kazuha_(genshin_impact)"
fujishima_megumi,4,3684,
asriel_dreemurr_(god_form),11,3670,"asriel_dreemur_(god_form),god_of_hyperdeath"
chloe_von_einzbern,4,3668,kuro_(fate/kaleid_liner)
reisalin_stout,4,3665,ryza
nice_nature_(umamusume),4,3663,
natsuiro_matsuri,4,3659,
kisume,4,3656,
ichinose_shiki,4,3645,
ch'en_(arknights),4,3643,
kieran_(pokemon),4,3643,
shiranui_mai,4,3642,
barbara_(genshin_impact),4,3639,barbara_pegg
chihaya_anon,4,3634,
uzumaki_naruto,4,3631,
kirigiri_kyoko,4,3601,kirigiri_kyouko
akamatsu_kaede,4,3600,
kakyoin_noriaki,4,3600,kakyouin_noriaki
yuuki_makoto_(persona_3),4,3595,"arisato_minato,protagonist_(persona3),protagonist_(persona_3),yuuki_makoto"
monster_hunter_(character),4,3588,
kujo_jolyne,4,3586,"cujoh_jolyne,kuujou_jolyne"
fairy_(kancolle),4,3585,fairy_(kantai_collection)
kokkoro_(princess_connect!),4,3584,
jean_(genshin_impact),4,3584,"jean_gunnhildr,jean_gunnhildr_(genshin_impact)"
super_sonico,4,3571,"sonico,soniko,super_soniko"
robin_(fire_emblem),4,3569,"avatar_(fire_emblem:_kakusei),my_unit_(fire_emblem:_kakusei),reflet_(fire_emblem)"
murasame_(kancolle),4,3555,murasame_(kantai_collection)
medicine_melancholy,4,3553,
tatsumaki,4,3550,"tatsumaki_(1-pm),tatsumaki_(1-punch),tatsumaki_(1-punch_man),tatsumaki_(1_punch),tatsumaki_(1pm),tatsumaki_(1punch),tatsumaki_(1punch_man),tatsumaki_(o-pm),tatsumaki_(one-punch),tatsumaki_(one-punch_man),tatsumaki_(one_punch),tatsumaki_(one_punch_man),tatsumaki_(onepunch),tatsumaki_(onepunch_man),tatsumaki_(opm),terrible_tornado,tornado_(1-pm),tornado_(1-punch),tornado_(1-punch_man),tornado_(1_punch),tornado_(1pm),tornado_(1punch),tornado_(1punch_man),tornado_(o-pm),tornado_(one-punch),tornado_(one-punch_man),tornado_(one_punch),tornado_(one_punch_man),tornado_(onepunch),tornado_(onepunch_man),tornado_(opm),tornado_of_terror"
shirakami_fubuki_(1st_costume),4,3549,
seaport_princess,4,3548,seaport_hime
nitta_minami,4,3545,
doremy_sweet,4,3538,
giorno_giovanna,4,3538,
lyra_heartstrings_(mlp),11,3529,lyra_(mlp)
emilia_(re:zero),4,3520,
i-19_(kancolle),4,3517,"i-19_(kantai_collection),iku_(kantai_collection)"
ump45_(girls'_frontline),4,3515,ump45_(girls_frontline)
kay_(girls_und_panzer),4,3514,
kama_(fate),4,3512,kama_(fate/grand_order)
satono_diamond_(umamusume),4,3512,satono_diamond
futaba_anzu,4,3508,
morgan_le_fay_(fate),4,3506,
mikasa_ackerman,4,3505,
gokou_ruri,4,3502,kuroneko_(oreimo)
yuki_miku,4,3491,snow_miku
callie_(splatoon),4,3489,aori_(splatoon)
exusiai_(arknights),4,3488,
unicorn_(azur_lane),4,3488,
otomune_kozue,4,3486,
bridget_(guilty_gear),4,3476,
nakano_miku,4,3462,
amamiya_ren,4,3461,"joker_(persona_5),kurusu_akira,protagonist_(persona_5)"
surtr_(arknights),4,3459,
takami_chika,4,3449,
chica_(fnaf),11,3445,
florence_nightingale_(fate),4,3437,florence_nightingale_(fate/grand_order)
kizuna_akari,4,3427,
lunasa_prismriver,4,3424,
yamakaze_(kancolle),4,3413,yamakaze_(kantai_collection)
kawaragi_momoka,4,3413,
ui_(blue_archive),4,3412,kozeki_ui
hyuuga_hinata,4,3400,
caelus_(honkai:_star_rail),4,3397,"male_trailblazer_(honkai:_star_rail),trailblazer_(honkai:_star_rail)_(male)"
lamb_(cult_of_the_lamb),11,3396,
corrin_(female)_(fire_emblem),4,3393,female_my_unit_(fire_emblem_if)
fang_(gvh),11,3386,
motoori_kosuzu,4,3379,
sanya_v._litvyak,4,3366,sanya_v_litvyak
shirai_kuroko,4,3363,
mayuzumi_fuyuko,4,3361,
enoshima_junko,4,3356,
usami_sumireko,4,3355,
maya_(kancolle),4,3352,maya_(kantai_collection)
yorigami_shion,4,3345,
leon_(pokemon),4,3344,"dande_(pokemon),leon_(pokemon_swsh),leon_(pokémon)"
barnaby_brooks_jr.,4,3343,barnaby_brooks_jr
holo,4,3338,horo
koshimizu_sachiko,4,3337,
w_(arknights),4,3336,
narmaya_(granblue_fantasy),4,3333,narumeia_(granblue_fantasy)
shimada_arisu,4,3327,
irys_(hololive),4,3323,
jonathan_joestar,4,3315,
hiiragi_tsukasa,4,3314,
eila_ilmatar_juutilainen,4,3313,
kitasan_black_(umamusume),4,3307,
jack_the_ripper_(fate/apocrypha),4,3305,assassin_of_black
raihan_(pokemon),4,3304,"kibana_(pokemon),raihan_(pokémon)"
michiru_kagemori,11,3304,
oda_nobunaga_(fate),4,3295,oda_nobunaga_(fate)_(all)
mudrock_(arknights),4,3291,
ryuuguu_rena,4,3291,ryuugu_rena
yagami_hayate,4,3290,hayate_yagami
katyusha_(girls_und_panzer),4,3288,katyusha
anastasia_(idolmaster),4,3286,
pecorine_(princess_connect!),4,3281,pecorine
i-58_(kancolle),4,3279,"gouya_(kantai_collection),i-58_(kantai_collection)"
yoimiya_(genshin_impact),4,3274,naganohara_yoimiya
marie_(splatoon),4,3274,hotaru_(splatoon)
kirito,4,3272,kirigaya_kazuto
mangle_(fnaf),11,3269,
utsugi_noriyuki,4,3265,
kotomine_kirei,4,3264,
han_juri,4,3258,
star_sapphire,4,3256,starlight_starsapphire
anubis,11,3253,
don-chan_(usada_pekora),4,3251,
ruby_rose,4,3250,"ruby_(rwby),ruby_rose_(rwby)"
hifumi_(blue_archive),4,3247,ajitani_hifumi
iskandar_(fate),4,3239,rider_(fate/zero)
special_week_(umamusume),4,3238,special_week
basil_(omori),4,3238,
hakui_koyori,4,3233,
kaburagi_t._kotetsu,4,3230,"kaburagi_t_kotetsu,kotetsu_t_kaburagi"
akigumo_(kancolle),4,3230,akigumo_(kantai_collection)
nonomi_(blue_archive),4,3220,izayoi_nonomi
shirogane_naoto,4,3212,
mercy_(overwatch),4,3209,"angela_ziegler,dr._angela_ziegler"
shokuhou_misaki,4,3203,
common_raccoon_(kemono_friends),4,3199,raccoon_(kemono_friends)
ayanami_(azur_lane),4,3193,
sanji_(one_piece),4,3188,sanji
aisaka_taiga,4,3184,
neru_(blue_archive),4,3184,mikamo_neru
symboli_rudolf_(umamusume),4,3173,
rotom,4,3167,motisma
nagasaki_soyo,4,3163,
dark_magician_girl,4,3163,black_magician_girl
robin_(honkai:_star_rail),4,3158,
aventurine_(honkai:_star_rail),4,3155,
shiroko_(swimsuit)_(blue_archive),4,3151,sunaookami_shiroko_(swimsuit)
miyako_(blue_archive),4,3149,tsukiyuki_miyako
sephiroth,4,3148,
nessa_(pokemon),4,3145,"nessa_(pokémon),rurina_(pokemon)"
jougasaki_rika,4,3145,
hoto_cocoa,4,3144,
twilight_(spy_x_family),4,3130,loid_forger
z1_leberecht_maass_(kancolle),4,3129,z1_leberecht_maass_(kantai_collection)
diluc_(genshin_impact),4,3126,diluc_ragnvindr
silver_wolf_(honkai:_star_rail),4,3120,
yuuka_(track)_(blue_archive),4,3120,"hayase_yuuka_(track),yuuka_(gym_uniform)_(blue_archive)"
mr._wolf_(the_bad_guys),11,3117,
alice_(alice_in_wonderland),4,3115,alice_(wonderland)
akari_(pokemon),4,3112,"akari_(pokemon_legends:_arceus),akari_(pokémon),female_protagonist_(pokemon_legends:_arceus),shou_(pokemon)"
waver_velvet,4,3110,
arcueid_brunestud,4,3108,arcueid
artoria_pendragon_(lancer)_(fate),4,3107,artoria_pendragon_(lancer)
nia_teppelin,4,3097,
miura_azusa,4,3096,
karin_(bunny)_(blue_archive),4,3096,"kakudate_karin_(bunny),karin_(bunny_girl)_(blue_archive)"
nakano_yotsuba,4,3093,
taihou_(kancolle),4,3086,taihou_(kantai_collection)
higashikata_josuke,4,3082,higashikata_jousuke
weiss_schnee,4,3082,
z3_max_schultz_(kancolle),4,3081,z3_max_schultz_(kantai_collection)
bea_(pokemon),4,3072,"bea_(pokémon),saitou_(pokemon)"
nagisa_kaworu,4,3070,tabris_(evangelion)
pyonta,4,3067,
oboro_(kancolle),4,3058,oboro_(kantai_collection)
luna_child,4,3053,moonlight_lunarchild
dizzy_(guilty_gear),4,3051,
makise_kurisu,4,3051,christina_(steins;gate)
warspite_(kancolle),4,3050,warspite_(kantai_collection)
sheryl_nome,4,3041,sheryl_noam
reizei_mako,4,3039,
inkling_boy,4,3034,
yoshida_yuuko_(machikado_mazoku),4,3031,shamiko
kuma_(kancolle),4,3031,kuma_(kantai_collection)
itadori_yuuji,4,3031,
nitocris_(fate),4,3030,nitocris_(fate/grand_order)
tsukino_mito,4,3026,
fusou_(kancolle),4,3020,fusou_(kantai_collection)
sunny_(omori),4,3019,
aoba_(kancolle),4,3017,aoba_(kantai_collection)
illustrious_(azur_lane),4,3016,
hagiwara_yukiho,4,3015,
octoling_girl,4,3015,
toy_bonnie_(fnaf),11,3012,
touhoku_kiritan,4,3005,
maekawa_miku,4,3003,
i-401_(kancolle),4,2998,"i-401_(kantai_collection),shioi_(kantai_collection)"
kazama_iroha,4,2998,
elizabeth_bathory_(fate),4,2989,"dragon's_daughter_(fate),dragon's_daughter_elizabeth_bathory,dragon's_daughter_elizabeth_báthory,dragons_daughter_(fate),dragons_daughter_elizabeth_bathory,dragons_daughter_elizabeth_báthory,elizabeth_bathory_(fate)_(all),elizabeth_báthory_(fate),lancer_(fate/extra_ccc),lancer_(fate_extra_ccc),lancer_elizabeth_bathory,lancer_elizabeth_báthory"
kumano_(kancolle),4,2988,kumano_(kantai_collection)
chouzetsusaikawa_tenshi-chan,4,2985,"kangel_(needy_streamer_overdose),omgkawaiiangel-chan"
tokitsukaze_(kancolle),4,2983,tokitsukaze_(kantai_collection)
sunny_milk,4,2979,sunlight_sunnymilk
amber_(genshin_impact),4,2978,
arima_kana,4,2977,
satonaka_chie,4,2973,
eren_yeager,4,2971,eren_jaeger
fennec_(kemono_friends),4,2964,
jane_doe_(zenless_zone_zero),4,2963,
ethan_(pokemon),4,2955,"ethan_(pokémon),gold_(pokemon),gold_(pokémon),hibiki_(pokemon)"
kiyohime_(fate),4,2947,kiyohime_(fate/grand_order)
osawa_rurino,4,2941,
temmie_(undertale),11,2941,
kamado_nezuko,4,2940,
fuwawa_abyssgard,4,2940,
rosalina,4,2937,"princess_rosalina,rosetta_(mario)"
lelouch_vi_britannia,4,2933,"lelouch,lelouch_lamperouge"
watson_amelia_(1st_costume),4,2932,
artoria_caster_(fate),4,2919,"artoria_pendragon_(caster),artoria_pendragon_(caster)_(fate)"
nia_(xenoblade),4,2916,niyah
mococo_abyssgard,4,2909,
atlanta_(kancolle),4,2907,atlanta_(kantai_collection)
murano_sayaka,4,2904,
izumi_sagiri,4,2899,
maid_marian,11,2890,maid_marion
mankanshoku_mako,4,2882,
satsuki_(kancolle),4,2881,satsuki_(kantai_collection)
nerissa_ravencroft,4,2875,
takodachi_(ninomae_ina'nis),4,2874,tako_(ninomae_ina'nis)
ashigara_(kancolle),4,2872,ashigara_(kantai_collection)
boko_(girls_und_panzer),4,2868,
uzuki_(kancolle),4,2867,uzuki_(kantai_collection)
mogami_(kancolle),4,2862,mogami_(kantai_collection)
uchiha_sasuke,4,2861,
beatrice_(umineko),4,2860,
mika_(girls_und_panzer),4,2853,
miyu_edelfelt,4,2852,
akizuki_ritsuko,4,2852,
rowlet,4,2851,
qiqi_(genshin_impact),4,2849,"nana_(genshin_impact),qiqi"
kouzuki_kallen,4,2847,"kallen,kallen_stadtfeld,kouzuki_karen"
charlotte_(madoka_magica),4,2847,
harukawa_maki,4,2842,
midorikawa_nao,4,2835,
alhaitham_(genshin_impact),4,2831,al-haitham_(genshin_impact)
yorigami_jo'on,4,2830,
tomoe_gozen_(fate),4,2829,tomoe_gozen_(fate/grand_order)
ram_(re:zero),4,2828,
iori_(blue_archive),4,2826,shiromi_iori
houjou_satoko,4,2819,
shiratsuyu_(kancolle),4,2817,shiratsuyu_(kantai_collection)
hayami_kanade,4,2816,
urakaze_(kancolle),4,2816,urakaze_(kantai_collection)
non-human_admiral_(kancolle),4,2812,non-human_admiral_(kantai_collection)
toga_himiko,4,2811,
kagerou_(kancolle),4,2810,kagerou_(kantai_collection)
kirima_syaro,4,2810,kirima_sharo
sunset_shimmer_(eg),11,2810,sunset_shimmer_(mlp)
hyuuga_(kancolle),4,2806,hyuuga_(kantai_collection)
kanna_kamui,4,2804,
kiyoshimo_(kancolle),4,2792,kiyoshimo_(kantai_collection)
izuna_(blue_archive),4,2791,kuda_izuna
sheriff_mao_mao_mao,11,2790,"mao_mao,mao_mao_(character),mao_mao_(parker_simmons),mao_mao_mao,sheriff_mao_mao"
ratchet_(ratchet_and_clank),11,2787,
kise_yayoi,4,2781,
simba_(the_lion_king),11,2777,
pinkamena_(mlp),11,2777,"pinkamena,pinkamina,pinkamina_(mlp)"
omaru_polka,4,2767,
spitfire_(mlp),11,2761,
lana_(pokemon),4,2755,"lana_(pokémon),suiren_(pokemon),trial_captain_lana"
jintsuu_(kancolle),4,2749,jintsuu_(kantai_collection)
yugiri_tsuzuri,4,2744,
falin_touden,4,2735,falin_thorden
kousaka_kirino,4,2734,
king_sombra_(mlp),11,2731,"king_sombra,queen_umbra_(mlp)"
hex_maniac_(pokemon),4,2731,occult_maniac_(pokemon)
matsuura_kanan,4,2723,matsuura_kana
unzan,4,2722,
gilda_(mlp),11,2717,gilda
ishmael_(project_moon),4,2715,ishmael_(limbus_company)
ninomae_ina'nis_(1st_costume),4,2710,
dan_heng_(honkai:_star_rail),4,2710,danheng_(honkai:_star_rail)
yuzu_(blue_archive),4,2705,hanaoka_yuzu
sakurai_momoka,4,2704,
tsunomaki_watame,4,2702,
hatsuyuki_(kancolle),4,2701,hatsuyuki_(kantai_collection)
isokaze_(kancolle),4,2699,isokaze_(kantai_collection)
oguri_cap_(umamusume),4,2698,
unryuu_(kancolle),4,2694,unryuu_(kantai_collection)
darkness_(konosuba),4,2688,
blue_oak,4,2681,"green_oak,ookido_green"
poppy_(lol),11,2673,
katsushika_hokusai_(fate),4,2673,katsushika_hokusai_(fate/grand_order)
wa2000_(girls'_frontline),4,2673,wa2000_(girls_frontline)
emiya_kiritsugu,4,2671,
yukine_chris,4,2671,
chitanda_eru,4,2658,
saratoga_(kancolle),4,2653,saratoga_(kantai_collection)
juliana_(pokemon),4,2649,female_protagonist_(pokemon_sv)
accelerator_(toaru_majutsu_no_index),4,2649,accelerator
fushiguro_megumi,4,2647,
laios_touden,4,2646,laios_thorden
hatsuzuki_(kancolle),4,2641,hatsuzuki_(kantai_collection)
p-head_producer,4,2635,
mostima_(arknights),4,2634,
miyafuji_yoshika,4,2634,
matara_okina,4,2630,
kaenbyou_rin_(cat),4,2629,
michishio_(kancolle),4,2626,michishio_(kantai_collection)
senjougahara_hitagi,4,2626,
laffey_(azur_lane),4,2619,
asakura_toru,4,2617,asakura_tooru
akai_haato,4,2615,haachama
kamijou_touma,4,2614,kamijo_touma
piplup,4,2610,
hilbert_(pokemon),4,2604,"black_(pokemon),black_(pokémon),hilbert_(pokémon),male_protagonist_(pokemon_b&w),touya_(pokemon),touya_(pokémon)"
harusame_(kancolle),4,2602,harusame_(kantai_collection)
hiroi_kikuri,4,2600,
erica_hartmann,4,2594,
taigei_(kancolle),4,2593,taigei_(kantai_collection)
yahagi_(kancolle),4,2586,yahagi_(kantai_collection)
charizard,4,2586,"giant_charizard,shiny_charizard"
gran_(granblue_fantasy),4,2584,
nanashi_mumei_(1st_costume),4,2582,
kurosawa_dia,4,2582,
yuki_setsuna,4,2580,"yuki_setsuna_(love_live!),yuuki_setsuna_(love_live!)"
akitsu_maru_(kancolle),4,2578,akitsu_maru_(kantai_collection)
lum,4,2574,
dusk_(arknights),4,2568,
lucario,4,2566,shiny_lucario
merlin_prismriver,4,2561,
jinx_(league_of_legends),4,2556,
makinami_mari_illustrious,4,2556,mari_(evangelion)
twin_turbo_(umamusume),4,2554,twin_turbo
koopaling,11,2548,
enterprise_(azur_lane),4,2535,
hishikawa_rikka,4,2534,
yang_xiao_long,4,2533,
trafalgar_law,4,2530,
inugami_korone_(1st_costume),4,2529,
nian_(arknights),4,2529,
admire_vega_(umamusume),4,2527,
futami_mami,4,2524,
satou_kazuma,4,2524,
aoki_reika,4,2523,
ohtsuki_yui,4,2518,ootsuki_yui
takao_(azur_lane),4,2514,
sakamata_chloe_(1st_costume),4,2511,
ouro_kronii_(1st_costume),4,2511,
background_character,11,2505,"background_characters,character_in_background"
tachibana_kanade,4,2504,"angel_(angel_beats!),tenshi_(angel_beats!),tenshi_(angel_beats)"
lyrica_prismriver,4,2502,
jeanne_d'arc_alter_(swimsuit_berserker)_(fate),4,2502,"jeanne_d'arc_(alter_swimsuit_berserker),jeanne_d'arc_(alter_swimsuit_berserker)_(fate)"
tippy_(gochiusa),4,2500,
yura_(kancolle),4,2500,yura_(kantai_collection)
shana,4,2498,
serika_(blue_archive),4,2498,kuromi_serika
sessyoin_kiara,4,2490,sesshouin_kiara
hanako_(swimsuit)_(blue_archive),4,2489,urawa_hanako_(swimsuit)
kicchou_yachie,4,2489,
march_7th_(preservation)_(honkai:_star_rail),4,2485,
simon_(ttgl),4,2483,
asakura_ryouko,4,2482,"/ar,asakura_ryoko"
shiroko_terror_(blue_archive),4,2480,shiroko_(terror)_(blue_archive)
seele_vollerei,4,2478,
hanekawa_tsubasa,4,2477,
kaeya_(genshin_impact),4,2474,kaeya_alberich
tamamo_cat_(fate),4,2473,tamamo_cat_(fate/grand_order)
gertrud_barkhorn,4,2469,
rika_(pokemon),4,2466,
mori_calliope_(1st_costume),4,2466,
puss_in_boots_(dreamworks),11,2464,"puss_in_boots_(film),puss_in_boots_the_last_wish,puss_in_boots_the_three_diablos,the_adventures_of_puss_in_boots"
mihono_bourbon_(umamusume),4,2463,
android_18,4,2460,
vodka_(umamusume),4,2460,
cynder,11,2447,
iroha_(blue_archive),4,2446,natsume_iroha_(blue_archive)
azusa_(blue_archive),4,2445,shirasu_azusa
shiina_taki,4,2444,
sonia_(pokemon),4,2439,sonia_(pokémon)
akagi_(azur_lane),4,2432,
haguro_(kancolle),4,2430,haguro_(kantai_collection)
diarmuid_ua_duibhne_(lancer)_(fate),4,2429,lancer_(fate/zero)
ningguang_(genshin_impact),4,2425,"gyoukou_(genshin_impact),ningguang"
lyra_(pokemon),4,2425,"kotone_(pokemon),lyra_(pokémon)"
akagi_miria,4,2423,
lize_helesta,4,2423,
louise_francoise_le_blanc_de_la_valliere,4,2421,"/lv,louise_francoise"
ranma-chan,4,2416,
mutsuki_(kancolle),4,2415,mutsuki_(kantai_collection)
kunikida_hanamaru,4,2410,
isuzu_hana,4,2409,
vegeta,4,2409,
dodoco_(genshin_impact),4,2408,
kochou_shinobu,4,2408,
t-head_admiral,4,2407,
zecora_(mlp),11,2405,zecora
hachimiya_meguru,4,2402,
hilda_valentine_goneril,4,2402,
hibiki_(blue_archive),4,2400,nekozuka_hibiki
anon_(snoot_game),11,2399,
mash_kyrielight_(dangerous_beast),4,2398,dangerous_beast
saten_ruiko,4,2397,
ump9_(girls'_frontline),4,2395,ump9_(girls_frontline)
kudamaki_tsukasa,4,2392,
ichika_(blue_archive),4,2390,nakamasa_ichika
akuma_homura,4,2386,
sakura_miku,4,2386,
tristana_(lol),11,2385,
lilith_(darkstalkers),4,2383,lilith_(vampire)
nicole_demara,4,2379,
luigi,4,2377,
shiori_novella,4,2375,
specter_(arknights),4,2374,
junketsu,4,2372,
shinku,4,2363,
kurosawa_ruby,4,2359,
kagari_atsuko,4,2357,akko_kagari
kaga_(azur_lane),4,2355,
mayano_top_gun_(umamusume),4,2353,
akizuki_(kancolle),4,2352,akizuki_(kantai_collection)
ranka_lee,4,2349,
sylveon,4,2343,"ninfia,nymphia,shiny_sylveon"
kyonko,4,2340,
napoleon_bonaparte_(fate),4,2336,napoleon_bonaparte_(fate/grand_order)
momose_ginko,4,2334,
higashiyama_kobeni,4,2333,
kashiwazaki_sena,4,2333,
gengar,4,2330,shiny_gengar
momosuzu_nene,4,2328,
phosphophyllite,4,2324,
aegis_(persona),4,2323,
u-511_(kancolle),4,2321,u-511_(kantai_collection)
shikinami_(kancolle),4,2320,shikinami_(kantai_collection)
hino_akane_(smile_precure!),4,2320,hino_akane_(precure)
curren_chan_(umamusume),4,2320,
lysithea_von_ordelia,4,2319,lysithea_von_cordelia
seia_(blue_archive),4,2318,yurizono_seia
fukumaru_koito,4,2317,
pola_(kancolle),4,2312,pola_(kantai_collection)
ushiromiya_battler,4,2311,
ia_(vocaloid),4,2311,
bb_(fate/extra),4,2309,
brendan_(pokemon),4,2307,"brendan_(pokémon),ruby_(pokemon),ruby_(pokémon),yuuki_(pokemon)"
re-class_battleship,4,2307,
tsumiki_mikan,4,2305,
leaf_(pokemon),4,2304,"green_(pokémon),leaf_(pokémon)"
nonna_(girls_und_panzer),4,2293,nonna
umbreon,4,2292,"cumbreon,shiny_umbreon"
toshinou_kyouko,4,2285,tashinou_kyouko
albedo_(genshin_impact),4,2284,dorian_(genshin_impact)
kujikawa_rise,4,2282,
ibaraki_douji_(fate),4,2281,ibaraki_douji_(fate/grand_order)
monokuma,4,2280,monobear
i-8_(kancolle),4,2276,"hachi_(kantai_collection),i-8_(kantai_collection)"
abukuma_(kancolle),4,2274,abukuma_(kantai_collection)
lyn_(fire_emblem),4,2274,lyndis_(fire_emblem)
fou_(fate),4,2273,fou_(fate/grand_order)
ibuki_(blue_archive),4,2271,tanga_ibuki
tone_(kancolle),4,2270,tone_(kantai_collection)
bb_(swimsuit_mooncancer)_(fate),4,2269,
futami_ami,4,2269,
morikubo_nono,4,2268,
uehara_ayumu,4,2268,
hoshino_(swimsuit)_(blue_archive),4,2266,takanashi_hoshino_(swimsuit)
cutie_mark_crusaders_(mlp),11,2263,"cutie_mark_crusader,cutie_mark_crusaders,cutie_mark_crusaders_(mlp)_"
theresa_apocalypse,4,2259,
tighnari_(genshin_impact),4,2257,
anastasia_(fate),4,2249,
black_swan_(honkai:_star_rail),4,2248,
shinomiya_kaguya,4,2247,
don_quixote_(project_moon),4,2244,don_quixote_(limbus_company)
raising_heart,4,2241,raging_heart
shinjou_akane,4,2241,
kass_(tloz),11,2239,"kass_(loz),kass_(zelda)"
kisaragi_(kancolle),4,2235,kisaragi_(kantai_collection)
angelina_(arknights),4,2234,
takanashi_rikka,4,2233,
kamikaze_(kancolle),4,2232,kamikaze_(kantai_collection)
aubrey_(omori),4,2231,
oumae_kumiko,4,2229,
houjou_hibiki,4,2229,
morpeko,4,2227,
oberon_(fate),4,2226,
king_halo_(umamusume),4,2218,
neuvillette_(genshin_impact),4,2216,
nekomata_okayu_(1st_costume),4,2214,
panty_(psg),4,2213,anarchy_panty
peroro_(blue_archive),4,2213,
gambier_bay_(kancolle),4,2212,gambier_bay_(kantai_collection)
n_(pokemon),4,2207,"n_(pokémon),natural_harmonia_gropius"
miyuki_(kancolle),4,2207,miyuki_(kantai_collection)
reze_(chainsaw_man),4,2205,
mash_kyrielight_(demi-servant),4,2203,
ryougi_shiki,4,2199,
la+_darknesss_(1st_costume),4,2198,
hoshimachi_suisei_(1st_costume),4,2196,
adventurer_(ff11),4,2195,avatar_(ff11)
melusine_(fate),4,2194,"fairy_knight_lancelot_(fate),lancelot_(fairy_knight)_(fate),tam_lin_lancelot_(fate)"
lio_fotia,4,2186,
amagi_yukiko,4,2184,
springfield_(girls'_frontline),4,2184,"m1903_springfield_(girls'_frontline),m1903_springfield_(girls_frontline)"
ohara_mari,4,2176,
hikari_(blue_archive),4,2176,"highlander_sidelocks_conductor_(blue_archive),tachibana_hikari_(blue_archive)"
slime_(genshin_impact),4,2173,
skadi_the_corrupting_heart_(arknights),4,2172,
endeavor_(boku_no_hero_academia),4,2172,todoroki_enji
mallow_(pokemon),4,2169,"mallow_(pokémon),mao_(pokemon),trial_captain_mallow"
9s_(nier:automata),4,2169,"9s_(nier),yorha_no._9_type_s"
shiomi_kotone,4,2166,"/fpp3,female_protagonist_(persona_3)"
amy_rose,4,2165,"amy_rouge,amy_the_hedgehog"
aida_mana,4,2165,
kurumi_erika,4,2163,
mizuno_ami,4,2160,
kasumi_kai_ni_(kancolle),4,2157,
kousaka_tamaki,4,2157,
robin_(female)_(fire_emblem),4,2156,"female_my_unit_(fire_emblem:_kakusei),robin_(fire_emblem)_(female)"
clorinde_(genshin_impact),4,2156,
glaceon,4,2153,
perrine_h._clostermann,4,2152,perrine_h_clostermann
omori_(omori),4,2148,
kokona_(blue_archive),4,2144,sunohara_kokona
charlotte_e._yeager,4,2144,
i-168_(kancolle),4,2144,"i-168_(kantai_collection),imuya_(kantai_collection)"
sonozaki_mion,4,2142,
byleth_(male)_(fire_emblem),4,2142,"byleth_(fire_emblem)_(male),byleth_(male)"
honda_mio,4,2141,
nero_claudius_(swimsuit_caster)_(fate),4,2141,
ikamusume,4,2140,ika_musume
takane_lui,4,2140,
seiran_(touhou),4,2139,
togawa_sakiko,4,2137,
soarin_(mlp),11,2136,"soarin,soarin'_(mlp)"
tamamo_no_mae_(swimsuit_lancer)_(fate),4,2133,
yoru_(chainsaw_man),4,2132,
gotland_(kancolle),4,2129,gotland_(kantai_collection)
aino_minako,4,2129,
rumi_usagiyama,11,2129,"miruko,rumi_usagiyami,usagiyama_rumi"
yuffie_kisaragi,4,2128,
shima_rin,4,2127,
meltryllis_(swimsuit_lancer)_(fate),4,2126,
kujou_sara,4,2125,kujou_sara_(genshin_impact)
shinki_(touhou),4,2124,shinki
camilla_(fire_emblem),4,2123,camilla_(fire_emblem_if)
saki_(blue_archive),4,2121,sorai_saki
suiseiseki,4,2120,
yae_sakura,4,2120,
silver_soul,11,2117,silver_(shiro-neko)
elysia_(miss_pink_elf)_(honkai_impact),4,2117,elysia_(miss_pink_elf)
asui_tsuyu,4,2115,froppy_(boku_no_hero_academia)
makigumo_(kancolle),4,2115,makigumo_(kantai_collection)
nozomi_(blue_archive),4,2113,"highlander_twintails_conductor_(blue_archive),tachibana_nozomi_(blue_archive)"
blade_(honkai:_star_rail),4,2113,
yu_mei-ren_(fate),4,2110,"consort_yu_(fate),yu_miaoyi_(fate)"
senshi_(dungeon_meshi),4,2110,
lisa_(genshin_impact),4,2107,lisa_minci
shoebill_(kemono_friends),4,2106,
blake_belladonna,4,2103,blake_belladonna_(rwby)
skyla_(pokemon),4,2100,"fuuro_(pokemon),skyla_(pokémon)"
t-head_trainer_(umamusume),4,2100,t-head_trainer
akaza_akari,4,2099,
seiun_sky_(umamusume),4,2098,
kaveh_(genshin_impact),4,2098,
hoshizora_miyuki,4,2095,
ise_(kancolle),4,2094,ise_(kantai_collection)
ak-12_(girls'_frontline),4,2094,ak-12_(girls_frontline)
palutena,4,2092,
rotom_phone,4,2092,"phone_rotom,phonerotom,rotomphone"
yuugumo_(kancolle),4,2091,yuugumo_(kantai_collection)
hassan_of_serenity_(fate),4,2089,
shadow_the_hedgehog,4,2087,shadina_(sonic)
miyamoto_frederica,4,2085,
princess_daisy,4,2083,
todoroki_shoto,4,2083,shouto_(boku_no_hero_academia)
lynette_bishop,4,2081,
eishin_flash_(umamusume),4,2079,
hoshino_ai,4,2070,hoshino_ai_(oshi_no_ko)
princess_ember_(mlp),11,2069,"lord_ember_(mlp),princess_ember"
kuchiki_rukia,4,2068,
shirase_sakuya,4,2066,
battleship_princess,4,2065,"battleship-symbiotic_hime,battleship_hime"
kasane_teto_(sv),4,2065,
naegi_makoto,4,2063,
lusamine_(pokemon),4,2061,lusamine_(pokémon)
ushiwakamaru_(fate),4,2059,ushiwakamaru_(fate/grand_order)
kanroji_mitsuri,4,2058,kanroji_matsuri
anyoji_hime,4,2058,
kinugasa_(kancolle),4,2057,kinugasa_(kantai_collection)
jun'you_(kancolle),4,2055,jun'you_(kantai_collection)
akatsuki_kirika,4,2055,
neptune_(neptunia),4,2050,neptune_(neptune_series)
nishizumi_shiho,4,2049,
marina_(splatoon),4,2047,iida_(splatoon)
asahina_mafuyu,4,2045,
suzutsuki_(kancolle),4,2044,suzutsuki_(kantai_collection)
st._louis_(azur_lane),4,2042,
mysterious_heroine_xx_(fate),4,2042,mysterious_heroine_xx_(foreigner)
tachibana_hibiki_(symphogear),4,2039,
lucky_beast_(kemono_friends),4,2035,
oda_nobunaga_(koha-ace),4,2033,oda_nobunaga_(koha/ace)
elira_pendora,4,2030,
yanfei_(genshin_impact),4,2030,
bulma,4,2029,
protagonist_(tas),11,2022,
chiyoda_momo,4,2019,
gangut_(kancolle),4,2019,gangut_(kantai_collection)
saria_(arknights),4,2016,
himemori_luna,4,2016,
bardiche_(nanoha),4,2015,bardiche
matikane_tannhauser_(umamusume),4,2012,
houshou_marine_(summer),4,2009,"houshou_marine_(4th_costume),houshou_marine_(swimsuit)"
levi_(shingeki_no_kyojin),4,2009,rivaille
bulbasaur,4,2008,
cyno_(genshin_impact),4,2006,
jessie_(pokemon),4,2006,musashi_(pokemon)
komi_shouko,4,2006,
nachi_(kancolle),4,2006,nachi_(kantai_collection)
irisviel_von_einzbern,4,2006,
atou_haruki,4,2004,
ashiya_douman_(fate),4,2003,
natsu_(blue_archive),4,2001,yutori_natsu
tamamo_cross_(umamusume),4,1999,
hoshikawa_sara,4,1997,
morgana_(persona),11,1996,
orange_pekoe_(girls_und_panzer),4,1995,orange_pekoe
leonardo_da_vinci_(fate),4,1994,leonardo_da_vinci_(fate/grand_order)
madotsuki,4,1991,
takamaki_anne,4,1991,"takamaki_ann,takamaki_anzu"
yuzuki_choco,4,1989,
dimitri_alexandre_blaiddyd,4,1988,dimitri_alexandre_bladud
selen_tatsuki,4,1987,
kotonoha_akane,4,1987,
tokisaki_kurumi,4,1986,
sakura_futaba,4,1985,
maud_pie_(mlp),11,1985,maud_pie
sasaki_chie,4,1985,
mima_(touhou),4,1985,mima
krista_lenz,4,1983,"christa_renz,historia_reiss"
shun_(blue_archive),4,1980,sunohara_shun
navia_(genshin_impact),4,1979,
jakuzure_nonon,4,1977,
sinon,4,1975,shinon_(sao)
noumi_kudryavka,4,1974,
ryu_(street_fighter),4,1974,
warfare_krystal,11,1973,
mimikyu,4,1968,mimikkyu
sendai_kai_ni_(kancolle),4,1966,
basil_(faraway)_(omori),4,1966,
tedeza_rize,4,1965,
kachimachi_kosuzu,4,1964,
noshiro_(kancolle),4,1963,noshiro_(kantai_collection)
javelin_(azur_lane),4,1963,
minato_aqua_(1st_costume),4,1962,
choukai_(kancolle),4,1959,choukai_(kantai_collection)
shiomi_syuko,4,1958,shiomi_shuuko
zhu_yuan,4,1957,
sakata_gintoki,4,1956,
johnny_joestar,4,1956,
teruzuki_(kancolle),4,1955,teruzuki_(kantai_collection)
wakamo_(blue_archive),4,1954,kosaka_wakamo
matsuno_osomatsu,4,1953,osomatsu_(osomatsu-kun)
ujimatsu_chiya,4,1952,
elysia_(herrscher_of_human:_ego)_(honkai_impact),4,1950,elysia_(herrscher_of_human:ego)_(honkai_impact)
takanashi_kiara_(1st_costume),4,1948,
hayakawa_aki,4,1947,hayakawa_aki_(chainsaw_man)
silver_(pokemon),4,1942,"heart_(pokemon),silver_(pokémon),soul_(pokemon)"
takamatsu_tomori,4,1941,
haru_urara_(umamusume),4,1939,
ange_katrina,4,1939,
morino_rinze,4,1937,
arch_bishop_(ragnarok_online),4,1937,archbishop_(ragnarok_online)
hoshimi_miyabi,4,1934,
shinosawa_hiro,4,1934,
jack_savage,11,1933,
shu_(arknights),4,1933,
shiina_yuika,4,1933,
mr._c.b._(umamusume),4,1928,
mari_(track)_(blue_archive),4,1927,"iochi_mari_(track),mari_(gym_uniform)_(blue_archive)"
jeanne_d'arc_alter_santa_lily_(fate),4,1925,jeanne_d'arc_alter_santa_lily
beidou_(genshin_impact),4,1923,hokuto_(genshin_impact)
kuwayama_chiyuki,4,1923,
kurokoma_saki,4,1919,
nagatsuki_(kancolle),4,1919,nagatsuki_(kantai_collection)
felicia_(darkstalkers),4,1916,"felicia_(cosplay),felicia_(vampire)"
andou_(girls_und_panzer),4,1914,andou_rena
matsuno_karamatsu,4,1914,karamatsu
sirius_symboli_(umamusume),4,1913,
springtrap_(fnaf),11,1913,golden_bonnie_(fnaf)
kel_(omori),4,1913,
narita_brian_(umamusume),4,1912,
shinonome_ena,4,1912,
mithrun,4,1908,
takeba_yukari,4,1907,yukari_takeba
agnes_digital_(umamusume),4,1905,
morpeko_(full),4,1905,morpeko_(full_belly)
katsuki_yuuri,4,1904,
maru-yu_(kancolle),4,1904,"maru-yu_(kantai_collection),maruyu_(kantai_collection)"
takasaki_yu,4,1904,"anata-chan_(love_live!),takasaki_yuu"
koyanskaya_(fate),4,1903,"koyanskaya,tamamo_(assassin)_(fate)"
ramlethal_valentine,4,1902,ramletherl_valentine
komano_aunn,4,1899,komano_aun
index_(toaru_majutsu_no_index),4,1898,index
vita_(nanoha),4,1898,
vivio,4,1896,takamachi_vivio
hoshi_syoko,4,1896,hoshi_shouko
natori_sana,4,1896,
yaoyorozu_momo,4,1896,creati_(boku_no_hero_academia)
toutetsu_yuuma,4,1893,
ranni_the_witch,4,1893,
link_(wolf_form),11,1892,
inui_toko,4,1892,
horikawa_raiko,4,1892,
matsuno_ichimatsu,4,1892,ichimatsu
akiyama_mizuki,4,1890,
alear_(fire_emblem),4,1889,
etna_(disgaea),4,1888,etna
artoria_pendragon_(lancer_alter)_(fate),4,1886,artoria_pendragon_(lancer_alter)
asashio_kai_ni_(kancolle),4,1886,
pepperoni_(girls_und_panzer),4,1886,
viktor_nikiforov,4,1882,
matsuno_jyushimatsu,4,1876,"jyushimatsu,matsuno_juushimatsu"
irene_(arknights),4,1876,
misumi_nagisa,4,1872,
kuroshio_(kancolle),4,1872,kuroshio_(kantai_collection)
midna,4,1871,no_helmet_imp_midna
hojo_karen,4,1869,houjou_karen
yuzuriha_inori,4,1869,
inoue_orihime,4,1867,orihime_inoue
grass_wonder_(umamusume),4,1866,
takara_miyuki,4,1863,
haruna_(blue_archive),4,1862,kurodate_haruna
nero_claudius_(bride)_(fate),4,1862,saber_bride
higuchi_kaede,4,1861,
koizumi_itsuki,4,1861,
iizunamaru_megumu,4,1860,
carmine_(pokemon),4,1860,
vaporeon,4,1859,"cumporeon,shiny_vaporeon"
fujiwara_chika,4,1857,
tiki_(fire_emblem),4,1857,chiki
barghest_(fate),4,1856,"fairy_knight_gawain_(fate),gawain_(fairy_knight)_(fate),tam_lin_gawain_(fate)"
lynette_(genshin_impact),4,1854,
kugisaki_nobara,4,1850,
momota_kaito,4,1849,
katsuragi_(kancolle),4,1848,katsuragi_(kantai_collection)
tohru_(maidragon),4,1846,tooru_(maidragon)
noelle_(genshin_impact),4,1844,
musashi_kai_ni_(kancolle),4,1844,
amaterasu_(okami),11,1842,
last_order_(toaru_majutsu_no_index),4,1841,last_order
wattson_(apex_legends),4,1840,
mega_gardevoir,4,1839,
ych_(character),11,1838,
makaino_ririmu,4,1838,
osaki_amana,4,1837,oosaki_amana
marie_antoinette_(fate),4,1837,marie_antoinette_(fate/grand_order)
serizawa_asahi,4,1835,
nanasaki_ai,4,1835,
kamiya_nao,4,1835,
yayoi_(kancolle),4,1832,yayoi_(kantai_collection)
shirayuki_(kancolle),4,1831,shirayuki_(kantai_collection)
kirlia,4,1830,
shihouin_yoruichi,4,1830,
yi_sang_(project_moon),4,1830,"yi-sang_(limbus_company),yi_sang_(limbus_company)"
elizabeth_bathory_(fate/extra_ccc),4,1830,"elizabeth_bathory_(first_ascension)_(fate),lancer_(fate/extra_ccc)"
hanamura_yousuke,4,1828,hanamura_yosuke
tennoji_rina,4,1828,tennouji_rina
kemomimi-chan_(naga_u),4,1828,
tracer_(overwatch),4,1826,lena_oxton
ringo_(touhou),4,1825,
moroboshi_kirari,4,1825,
shishiro_botan_(1st_costume),4,1825,
mari_(omori),4,1823,
faust_(project_moon),4,1822,faust_(limbus_company)
sunazuka_akira,4,1820,
ao_isami,4,1819,
moritaka_(tas),11,1816,
saren_(princess_connect!),4,1816,sasaki_saren
fubuki_kai_ni_(kancolle),4,1815,
eternity_larva,4,1815,
blaidd_(elden_ring),11,1813,
oyama_mihari,4,1813,
tama_(kancolle),4,1812,tama_(kantai_collection)
elesa_(pokemon),4,1811,"elesa_(pokémon),kamitsure_(pokemon)"
kirigaya_suguha,4,1809,
hanasaki_tsubomi,4,1808,
asashimo_(kancolle),4,1803,asashimo_(kantai_collection)
goldenglow_(arknights),4,1802,
freya_crescent,11,1801,
tamaki_iroha,4,1800,
espeon,4,1798,
sinclair_(project_moon),4,1798,sinclair_(limbus_company)
haruka_(blue_archive),4,1797,igusa_haruka
yowane_haku,4,1797,
hino_rei,4,1797,
kero_(cardcaptor_sakura),4,1797,kero
little_red_riding_hood_(grimm),4,1796,
suzukaze_(kancolle),4,1793,suzukaze_(kantai_collection)
scorbunny,4,1793,
isekaijoucho,4,1793,isekai_joucho
nakano_itsuki,4,1792,
bloop_(gawr_gura),4,1792,
kirijou_mitsuru,4,1791,"mitsuru_kirijou,mitsuru_kirijyo"
kenzaki_makoto,4,1789,
marianne_von_edmund,4,1786,
terra_branford,4,1785,tina_branford
arashio_(kancolle),4,1785,arashio_(kantai_collection)
florian_(pokemon),4,1784,male_protagonist_(pokemon_sv)
ame-chan_(needy_girl_overdose),4,1784,
son_gohan,4,1781,gohan_(dragon_ball)
kureiji_ollie,4,1780,
yukihana_lamy_(1st_costume),4,1778,
monika_(doki_doki_literature_club),4,1778,
getou_suguru,4,1778,
nanami_kento,4,1775,
tsukioka_kogane,4,1774,
koseki_bijou,4,1773,
edward_elric,4,1772,
mei_(overwatch),4,1771,"mei-ling_zhou,zhou_mei-ling"
puro_(changed),11,1770,
hikawa_sayo,4,1770,
dr._ratio_(honkai:_star_rail),4,1769,
kotonoha_aoi,4,1769,
commander_(girls'_frontline),4,1767,"commander_(girls_frontline),shikikan_(girls_frontline)"
rosehip_(girls_und_panzer),4,1766,rosehip
ayanami_(kancolle),4,1765,ayanami_(kantai_collection)
hoshiguma_(arknights),4,1764,
natsuki_subaru,4,1760,
rebecca_(cyberpunk),4,1760,
kasumi_(doa),4,1759,
rigby_(regular_show),11,1759,
fubuki_(one-punch_man),4,1758,"blizzard_(1-pm),blizzard_(1-punch),blizzard_(1-punch_man),blizzard_(1_punch),blizzard_(1pm),blizzard_(1punch),blizzard_(1punch_man),blizzard_(o-pm),blizzard_(one-punch),blizzard_(one-punch_man),blizzard_(one_punch),blizzard_(one_punch_man),blizzard_(onepunch),blizzard_(onepunch_man),blizzard_(opm),blizzard_of_hell,fubuki_(1-pm),fubuki_(1-punch),fubuki_(1-punch_man),fubuki_(1_punch),fubuki_(1pm),fubuki_(1punch),fubuki_(1punch_man),fubuki_(o-pm),fubuki_(one-punch),fubuki_(one_punch),fubuki_(one_punch_man),fubuki_(onepunch),fubuki_(onepunch_man),fubuki_(opm),hellish_blizzard"
yamato_(one_piece),4,1757,
osaka_shizuku,4,1756,ousaka_shizuku
cheval_grand_(umamusume),4,1756,hat_girl_(umamusume)
shibuya_kanon,4,1755,
sakamoto_mio,4,1754,
makoto_nanaya,4,1754,nanaya_makoto
kasugano_sakura,4,1754,
james_(pokemon),4,1753,kojirou_(pokemon)
tokino_sora,4,1752,
ahri_(lol),11,1751,ahri
tokoyami_towa_(1st_costume),4,1750,
lucifer_(helltaker),4,1749,
artoria_pendragon_(swimsuit_ruler)_(fate),4,1749,
fletcher_(kancolle),4,1748,fletcher_(kantai_collection)
kris_(pokemon),4,1748,"crystal_(pokemon),crystal_(pokémon),kris_(pokémon),marina_(pokémon)"
sora_harewataru,4,1747,
shigure_ui_(vtuber),4,1747,
kurosaki_ichigo,4,1745,
hanyuu,4,1742,
roll_(mega_man),4,1742,"roll_(megaman),roll_(rockman)"
lopunny,4,1741,
nakano_ichika,4,1740,
oshawott,4,1738,wotter
kikyou_(blue_archive),4,1737,kiryuu_kikyou
silver_fox_(kemono_friends),4,1736,
bonbon_(mlp),11,1735,"bon-bon_(mlp),bon_bon_(mlp),sweetie_drops,sweetie_drops_(mlp)"
kiryu_coco_(1st_costume),4,1734,
japanese_crested_ibis_(kemono_friends),4,1732,"crested_ibis_(kemono_friends),toki_(kemono_friends)"
tokoyami_towa_(jirai_kei),4,1727,"tokoyami_towa_(3rd_costume),tokoyami_towa_(casual)"
hiro_(darling_in_the_franxx),4,1727,
hozuki_momiji,4,1726,
oshida_(girls_und_panzer),4,1725,oshida_ruka
signum,4,1724,
chibi_usa,4,1724,
frisk_(undertale),4,1723,"female_frisk,female_frisk_(undertale),protagonist_(undertale)"
dante_(devil_may_cry),4,1722,
matsuno_choromatsu,4,1722,choromatsu
kino_makoto,4,1721,
leib_(tas),11,1720,rave_(tas)
irida_(pokemon),4,1718,irida_(pokémon)
niwatari_kutaka,4,1718,
zundamon,4,1716,
sprigatito,4,1716,"weed_cat,ニャオハ"
royal_guard_(mlp),11,1716,"guard_pony,royal_gaurd_(mlp),royal_guard,royal_guards_(mlp)"
watatsuki_no_yorihime,4,1715,
hibiki_(cheer_squad)_(blue_archive),4,1715,"hibiki_(cheerleader)_(blue_archive),nekozuka_hibiki_(cheer_squad)"
blue_poison_(arknights),4,1713,
otonashi_kotori,4,1712,
nagatoro_hayase,4,1711,nagatoro
an-94_(girls'_frontline),4,1711,an-94_(girls_frontline)
zero_(mega_man),4,1709,zero_(rockman)
sakuma_mayu,4,1708,
changli_(wuthering_waves),4,1707,
saber_lily,4,1706,"artoria_pendragon_(lily),artoria_pendragon_lily"
jigglypuff,4,1706,
myoukou_(kancolle),4,1706,myoukou_(kantai_collection)
bibi_(tokoyami_towa),4,1705,
air_groove_(umamusume),4,1704,
agano_(kancolle),4,1703,agano_(kantai_collection)
kirino_ranmaru,4,1702,
belle_(zenless_zone_zero),4,1701,
noel_vermillion,4,1700,
artoria_pendragon_(alter_swimsuit_rider)_(fate),4,1698,artoria_pendragon_(swimsuit_rider_alter)
z23_(azur_lane),4,1698,
producer_(idolmaster_cinderella_girls_anime),4,1697,"producer_(idolmaster_cinderella_girls),takeuchi-p"
elphelt_valentine,4,1697,
leafa_(sao),4,1695,"leafa,lyfa"
t.m._opera_o_(umamusume),4,1695,
le_malin_(azur_lane),4,1692,
anis_(nikke),4,1690,
konjiki_no_yami,4,1690,golden_darkness
princess_king_boo,4,1690,"booette,queen_boo"
hatoba_tsugu,4,1690,
honolulu_(azur_lane),4,1687,
souseiseki,4,1687,
twilight_velvet_(mlp),11,1685,"star_sparkle_(mlp),twilight_velvet"
sticks_the_jungle_badger,11,1685,
isuzu_(kancolle),4,1684,isuzu_(kantai_collection)
mimura_kanako,4,1683,
minato_aqua_(sailor),4,1683,minato_aqua_(5th_costume)
scathach_skadi_(fate),4,1682,scathach_skadi_(fate/grand_order)
martha_(fate),4,1682,saint_martha
ryoumen_sukuna_(jujutsu_kaisen),4,1681,
kamisato_ayato,4,1679,
haniyasushin_keiki,4,1678,
sonoda_chiyoko,4,1678,
northern_white-faced_owl_(kemono_friends),4,1677,
awa_subaru,4,1676,
narita_taishin_(umamusume),4,1675,
nakasu_kasumi,4,1673,
kishibe_rohan,4,1673,
roxy_migurdia,4,1673,
jervis_(kancolle),4,1672,jervis_(kantai_collection)
kizuna_ai,4,1671,
daidouji_tomoyo,4,1671,
ike_(fire_emblem),4,1671,ike
komiya_kaho,4,1671,
kamado_tanjirou,4,1668,
yukinoshita_yukino,4,1667,
pit_(kid_icarus),4,1667,
matou_kariya,4,1665,
tashkent_(kancolle),4,1665,tashkent_(kantai_collection)
harada_minoru,4,1664,
xingqiu_(genshin_impact),4,1661,yukuaki_(genshin_impact)
libeccio_(kancolle),4,1661,libeccio_(kantai_collection)
daitaku_helios_(umamusume),4,1660,
vex_(lol),11,1659,
minamino_kanade,4,1659,
widowmaker_(overwatch),4,1656,amelie_lacroix
m4a1_(girls'_frontline),4,1656,m4a1_(girls_frontline)
wraith_(apex_legends),4,1654,
okamisty,4,1653,
bremerton_(scorching-hot_training)_(azur_lane),4,1651,
hakos_baelz_(1st_costume),4,1648,
bowser,4,1647,female_bowser
ushiromiya_ange,4,1646,
mitaka_asa,4,1645,
m16a1_(girls'_frontline),4,1643,m16a1_(girls_frontline)
baltimore_(azur_lane),4,1643,
kagura_(gintama),4,1642,
bianca_(pokemon),4,1641,"bel_(pokemon),bel_(pokémon),bell_(pokemon),bianca_(pokémon)"
prisma_illya,4,1641,
hina_(swimsuit)_(blue_archive),4,1639,sorasaki_hina_(swimsuit)
igarashi_futaba_(shiromanta),4,1637,
ootori_emu,4,1634,
tenma_tsukasa,4,1634,
mamiya_(kancolle),4,1631,mamiya_(kantai_collection)
purple_heart_(neptunia),4,1630,purple_heart_(neptune)
nemona_(pokemon),4,1629,"nemo_(pokemon),nemona_(pokémon)"
g11_(girls'_frontline),4,1629,g11_(girls_frontline)
murakumo_kai_ni_(kancolle),4,1628,
fu_hua_(herrscher_of_sentience),4,1625,
blaze_the_cat,4,1623,
fujita_kotone,4,1622,
hikawa_hina,4,1622,
hisakawa_hayate,4,1622,
hawks_(boku_no_hero_academia),4,1621,takami_keigo
elora,11,1621,
furutaka_(kancolle),4,1620,furutaka_(kantai_collection)
matsuno_todomatsu,4,1619,todomatsu
noire_(neptunia),4,1619,noire_(neptune_series)
sonya_(kill_me_baby),4,1619,
yang_guifei_(fate),4,1619,yang_guifei_(fate/grand_order)
nishi_kinuyo,4,1618,
abigail_williams_(swimsuit_foreigner)_(fate),4,1618,
ayase_momo,4,1617,
shun_(small)_(blue_archive),4,1616,"shun_(kid)_(blue_archive),sunohara_shun_(small)"
rex_(xenoblade),4,1615,
shiver_(splatoon),4,1614,
leafeon,4,1614,
vertin_(reverse:1999),4,1614,
uruha_rushia_(1st_costume),4,1613,
elsa_(frozen),4,1613,"elsa_of_arendelle,queen_elsa_(frozen)"
piers_(pokemon),4,1613,"nezu_(pokemon),piers_(pokémon)"
kamio_misuzu,4,1612,
natsume_rin,4,1612,
smolder_(mlp),11,1611,
bayonetta,4,1611,
sonozaki_shion,4,1609,
flutterbat_(mlp),11,1609,"flutter_bat_(mlp),flutterbat"
rensouhou-kun,4,1609,
shantae,4,1607,shantae_(character)
chongyun_(genshin_impact),4,1606,chouun_(genshin_impact)
yukishiro_honoka,4,1606,
snivy,4,1606,"smugleaf,tsutaja"
himari_(blue_archive),4,1605,akeboshi_himari
i-class_destroyer,4,1605,
mococo_abyssgard_(1st_costume),4,1605,
ezo_red_fox_(kemono_friends),4,1602,
sussurro_(arknights),4,1601,
elio_(pokemon),4,1601,"elio_(pokémon),sun_(pokemon),sun_(pokémon),you_(pokemon)"
wolverine_(x-men),4,1600,
jeanne_d'arc_(swimsuit_archer)_(fate),4,1597,jeanne_d'arc_(swimsuit_archer)
sakuragi_mano,4,1596,
squall_leonhart,4,1596,
android_21,4,1595,
squirtle,4,1595,
yoshimi_(blue_archive),4,1594,ibaraki_yoshimi
grey_wolf_(kemono_friends),4,1593,gray_wolf_(kemono_friends)
pochita_(chainsaw_man),4,1592,
matikanefukukitaru_(umamusume),4,1592,
sakura_miko_(1st_costume),4,1591,
moogle,4,1590,
kamui_gakupo,4,1589,
furukawa_nagisa,4,1588,okazaki_nagisa
sendai_hakurei_no_miko,4,1588,hakurei_miko
chando_(ado),4,1588,
hoshino_ruby,4,1586,
ashido_mina,4,1585,pinky_(boku_no_hero_academia)
cheerilee_(mlp),11,1585,"cheerilee,cherilee_(mlp)"
kawakaze_(kancolle),4,1584,kawakaze_(kantai_collection)
isonami_(kancolle),4,1580,isonami_(kantai_collection)
robin_(male)_(fire_emblem),4,1579,male_my_unit_(fire_emblem:_kakusei)
mountain_(arknights),4,1578,
schwarz_(arknights),4,1578,
stark_(sousou_no_frieren),4,1576,
katsuragi_misato,4,1576,
ciel_(tsukihime),4,1575,
gamagoori_ira,4,1573,gamagouri_ira
meisho_doto_(umamusume),4,1573,
yuki_judai,4,1570,"jaden_yuki,yuuki_juudai"
hatsune_miku_(append),4,1569,miku_append
isoi_reiji,4,1569,
funami_yui,4,1567,
fujibayashi_kyou,4,1566,
oreki_houtarou,4,1565,
master_po_ping,11,1563,"little_lotus_(kfp),little_lotus_(kung_fu_panda),master_po,po_(kfp),po_(kung_fu_panda)"
tsubaki_(blue_archive),4,1561,kasuga_tsubaki_(blue_archive)
backbeako_(torotei),4,1559,"backbeako,beako"
tempest_shadow_(mlp),11,1558,"fizzlepop_berrytwist,fizzlepop_berrytwist_(mlp)"
rita_rossweisse,4,1556,
kousaka_reina,4,1556,
katori_(kancolle),4,1556,katori_(kantai_collection)
uiharu_kazari,4,1554,
jeanne_d'arc_alter_(ver._shinjuku_1999)_(fate),4,1554,wicked_dragon_witch_ver._shinjuku_1999
kanna_(swimsuit)_(blue_archive),4,1553,
tsukumo_benben,4,1553,
akane_(blue_archive),4,1553,murokasa_akane
fuwawa_abyssgard_(1st_costume),4,1553,
deadpool,4,1552,
yoisaki_kanade,4,1551,
dehya_(genshin_impact),4,1550,
hong_lu_(project_moon),4,1550,hong_lu_(limbus_company)
eyjafjalla_(arknights),4,1549,
mikazuki_munechika,4,1548,
jean_pierre_polnareff,4,1547,
osakabehime_(fate),4,1547,"osakabe-hime_(fate),osakabe-hime_(fate/grand_order)"
hirasawa_ui,4,1546,
jumpy_dumpty,4,1546,
pearl_(splatoon),4,1546,hime_(splatoon)
shirou_ogami,11,1545,
nekomusume,4,1545,
teemo_(lol),11,1545,
sengoku_nadeko,4,1545,
hoshino_aquamarine,4,1544,
wriothesley_(genshin_impact),4,1544,
gladion_(pokemon),4,1541,"gladio_(pokemon),gladion_(pokémon)"
hakui_koyori_(1st_costume),4,1540,
ymir_(shingeki_no_kyojin),4,1539,
hisakawa_nagi,4,1536,
himeno_(chainsaw_man),4,1536,
takagi-san,4,1536,
francesca_lucchini,4,1536,
helena_blavatsky_(fate),4,1535,helena_blavatsky_(fate/grand_order)
suou_momoko,4,1535,
m4_sopmod_ii_(girls'_frontline),4,1534,m4_sopmod_ii_(girls_frontline)
yuri_lowell,4,1533,
nagisa_(blue_archive),4,1532,kirifuji_nagisa
cyndaquil,4,1532,
mysterious_heroine_x_alter_(fate),4,1529,"heroine_x_(alter),mysterious_heroine_x_(alter),mysterious_heroine_x_(alter)_(fate)"
kazama_iroha_(1st_costume),4,1529,
reiuji_utsuho_(bird),4,1528,
niijima_makoto,4,1528,
chi-chi_(dragon_ball),4,1526,
bruno_bucciarati,4,1526,bruno_buccellati
hasumi_(track)_(blue_archive),4,1525,"hanekawa_hasumi_(track),hasumi_(gym_uniform)_(blue_archive)"
tony_tony_chopper,4,1524,chopper
tateyama_ayano,4,1523,
tanaka_mamimi,4,1521,
hayashimo_(kancolle),4,1521,hayashimo_(kantai_collection)
tsukumo_sana,4,1520,
azki_(hololive),4,1519,
cure_peace,4,1517,
sobble,4,1517,
miyamoto_musashi_(swimsuit_berserker)_(fate),4,1515,
kashuu_kiyomitsu,4,1515,
moona_hoshinova,4,1514,
popuko,4,1514,
lewis_smith,4,1512,
saitama_(one-punch_man),4,1512,"saitama_(1-pm),saitama_(1-punch),saitama_(1-punch_man),saitama_(1_punch),saitama_(1pm),saitama_(1punch),saitama_(1punch_man),saitama_(o-pm),saitama_(one-punch),saitama_(one_punch),saitama_(one_punch_man),saitama_(onepunch),saitama_(onepunch_man),saitama_(opm)"
eimi_(blue_archive),4,1510,izumimoto_eimi
reiner_braun,4,1508,
modeus_(helltaker),4,1508,
nishida_satono,4,1508,
yuigahama_yui,4,1508,
konno_junko,4,1506,
siege_(arknights),4,1505,
magical_mirai_miku,4,1504,magimirai_miku
tharja_(fire_emblem),4,1504,"sarja,tharja"
tsunade_(naruto),4,1503,
tamura_yuri,4,1503,
ubel_(sousou_no_frieren),4,1500,
tsukino_mito_(1st_costume),4,1499,
zack_fair,4,1499,
higashi_setsuna,4,1498,
sailor_mercury,4,1497,
waaifu_(arknights),11,1496,
alice_margatroid_(pc-98),4,1495,alice_margatroid_(young)
yasuyori_(tas),11,1491,
dido_(azur_lane),4,1490,
skye_(zootopia),11,1488,
totoki_airi,4,1488,
hachikuji_mayoi,4,1485,
smart_falcon_(umamusume),4,1483,
etorofu_(kancolle),4,1483,etorofu_(kantai_collection)
ninomiya_asuka,4,1483,
eris_greyrat,4,1482,
ichikawa_hinana,4,1482,
yuuki_haru,4,1482,
kabru,4,1480,
leona_heidern,4,1480,
st_ar-15_(girls'_frontline),4,1480,st_ar-15_(girls_frontline)
enemy_aircraft_(kancolle),4,1480,enemy_aircraft_(kantai_collection)
katsuragi_ace_(umamusume),4,1478,
gideon_grey,11,1478,
nonomi_(swimsuit)_(blue_archive),4,1478,izayoi_nonomi_(swimsuit)
teireida_mai,4,1478,
pomu_rainpuff,4,1477,
kagamihara_nadeshiko,4,1474,
backbeard,4,1474,
joutouguu_mayumi,4,1471,
hop_(pokemon),4,1470,hop_(pokémon)
tohno_akiha,4,1468,toono_akiha
kazano_hiori,4,1467,
sora_(kingdom_hearts),4,1465,
rover_(wuthering_waves),4,1464,
justice_task_force_member_(blue_archive),4,1464,"jtf_mob-chan,justice_committee_club_member_(blue_archive)"
osaki_tenka,4,1464,oosaki_tenka
celestia_ludenberg,4,1464,"celestia_ludenberck,celestia_rudenberk"
charmander,4,1461,
araragi_koyomi,4,1460,
haro,4,1458,
tsurumaki_maki,4,1458,
iris_(pokemon),4,1458,iris_(pokémon)
su-san,4,1457,
tsukikage_yuri,4,1456,
chilchuck_tims,4,1454,
angel_(kof),4,1453,angel_(king_of_fighters)
koharu_(swimsuit)_(blue_archive),4,1453,shimoe_koharu_(swimsuit)
lyney_(genshin_impact),4,1453,
colorado_(kancolle),4,1453,colorado_(kantai_collection)
kamoi_(kancolle),4,1452,kamoi_(kantai_collection)
tendou_akane,4,1452,tendo_akane
ark_royal_(kancolle),4,1452,ark_royal_(kantai_collection)
oribe_yasuna,4,1449,
shinano_(azur_lane),4,1448,
hero_(omori),4,1444,
umikaze_(kancolle),4,1443,umikaze_(kantai_collection)
mizunashi_akari,4,1443,
braeburn_(mlp),11,1442,braeburn
richelieu_(kancolle),4,1442,richelieu_(kantai_collection)
reisa_(blue_archive),4,1441,uzawa_reisa
sabrina_(pokemon),4,1441,"natsume_(pokemon),natsume_(pokémon),natsumi_(pokemon),natsumi_(pokémon),sabrina_(pokémon)"
boo_(mario),4,1441,"boo,boo_(mario_bros)"
tsukishiro_yanagi,4,1439,
miyashita_ai,4,1437,
fine_motion_(umamusume),4,1437,
caenis_(fate),4,1436,lancer_(lostbelt)
boa_hancock,4,1435,
murasaki_shion_(1st_costume),4,1435,
oyashio_(kancolle),4,1434,oyashio_(kantai_collection)
frederica_bernkastel,4,1434,
iruma_miu,4,1432,
hilichurl_(genshin_impact),4,1432,
kadotani_anzu,4,1431,
tatsumi_kanji,4,1430,
victor_(pokemon),4,1429,"henry_sword,male_protagonist_(pokemon_swsh),male_protagonist_(pokémon_swsh),male_protagonist_(swsh),masaru_(pokemon),victor_(pokemon_swsh),victor_(pokémon),victor_(pokémon_swsh)"
pod_(nier:automata),4,1429,pod_(nier_automata)
yumeno_himiko,4,1428,
leon_s._kennedy,4,1428,leon_s_kennedy
kamukura_izuru,4,1428,
amami_rantaro,4,1427,amami_rantarou
yoshikawa_chinatsu,4,1427,
kamina_(ttgl),4,1427,
hagikaze_(kancolle),4,1425,hagikaze_(kantai_collection)
ragna_the_bloodedge,4,1424,
alear_(female)_(fire_emblem),4,1423,alear_(fire_emblem)_(female)
failure_penguin,4,1421,
konoe_kanata,4,1419,
maizono_sayaka,4,1419,
cagliostro_(granblue_fantasy),4,1419,
diana_cavendish,4,1418,
little_boy_admiral_(kancolle),4,1417,"little_boy_admiral_(kantai_collection),shota_admiral_(kantai_collection)"
tenkyuu_chimata,4,1417,
oomuro_sakurako,4,1416,
yamato-no-kami_yasusada,4,1415,
tokitarou_(fate),4,1415,tokitarou_(fate/grand_order)
sable_able,11,1414,sabel_able
kashino_(azur_lane),4,1413,
chongyue_(arknights),4,1412,chong_yue_(arknights)
anila_(granblue_fantasy),4,1411,anira_(granblue_fantasy)
jirachi,4,1411,
ichihara_nina,4,1409,
okita_souji_alter_(fate),4,1408,okita_souji_(alter)_(fate)
flowey_the_flower,11,1407,flowey
falin_touden_(tallman),4,1407,falin_thorden_(tallman)
charlotte_dunois,4,1406,
the_knight_(hollow_knight),11,1405,protagonist_(hollow_knight)
matoba_risa,4,1405,
mejiro_dober_(umamusume),4,1405,
yuno_(hidamari_sketch),4,1404,yuno
tokiko_(touhou),4,1404,
rias_gremory,4,1403,
monomi_(danganronpa),4,1403,monomi_(dangan_ronpa)
atalanta_(fate),4,1403,
meowth,4,1402,nyarth
asaka_karin,4,1402,
zeta_(granblue_fantasy),4,1401,
shouhou_(kancolle),4,1401,shouhou_(kantai_collection)
calem_(pokemon),4,1400,"calem_(pokémon),callum_(pokemon),calme_(pokemon),male_protagonist_(pokemon_xy),x_(pokemon)"
joseph_joestar_(old),4,1400,
flareon,4,1400,
murasaki_shikibu_(fate),4,1398,
mega_man_(character),4,1397,"mega_man,megaman,megaman_(character),rockman,rockman_(character)"
wolf_(lol),11,1397,
topaz_(honkai:_star_rail),4,1397,
abe_nana,4,1396,
nanachi_(made_in_abyss),4,1394,
akali,4,1394,
atsuko_(blue_archive),4,1394,hakari_atsuko
super_creek_(umamusume),4,1392,
mioda_ibuki,4,1392,
braixen,4,1391,
wakaba_mutsumi,4,1390,
oikawa_shizuku,4,1389,
boudica_(fate),4,1388,boudica_(fate/grand_order)
marble_pie_(mlp),11,1388,inkie_pie_(mlp)
johnston_(kancolle),4,1387,johnston_(kantai_collection)
sailor_venus,4,1386,
hoshimiya_ichigo,4,1386,
cinnamoroll,4,1384,fluffy_fluffy_cinnamoroll
theodore_riddle,4,1384,
kusanagi_motoko,4,1384,
kayoko_(dress)_(blue_archive),4,1384,
marie_(girls_und_panzer),4,1382,
herta_(honkai:_star_rail),4,1382,
pirate_tawna,11,1381,
moe_(blue_archive),4,1381,kazekura_moe
mane_six_(mlp),11,1381,
tsurumaru_kuninaga,4,1377,
biwa_hayahide_(umamusume),4,1377,
high_priest_(ragnarok_online),4,1376,
basil_(headspace)_(omori),4,1375,
blanc_(neptunia),4,1374,blanc_(neptune_series)
arashi_(kancolle),4,1374,arashi_(kantai_collection)
gentildonna_(umamusume),4,1373,
may_(guilty_gear),4,1372,
caren_hortensia,4,1372,"caren_ortensia,karen_ortensia"
horkeu_kamui_(tas),11,1370,
enemy_lifebuoy_(kancolle),4,1370,enemy_lifebuoy_(kantai_collection)
arisugawa_natsuha,4,1369,
aubrey_(faraway)_(omori),4,1367,
kuzuha_(nijisanji),4,1367,
asagumo_(kancolle),4,1367,asagumo_(kantai_collection)
pekomama,4,1366,
haruna_kai_ni_(kancolle),4,1365,
elin,4,1363,elin_(tera)
haramura_nodoka,4,1359,
sunday_(honkai:_star_rail),4,1359,
emma_verde,4,1358,
myoudouin_itsuki,4,1358,
altera_(fate),4,1356,attila_(fate/grand_order)
sona_(league_of_legends),4,1355,sona_buvelle
kuki_shinobu,4,1355,kuki_shinobu_(genshin_impact)
killua_zoldyck,4,1355,"killua,killua_zaoldyeck"
jiro_kyoka,4,1354,"earphone_jack_(boku_no_hero_academia),jirou_kyouka"
neru_(bunny)_(blue_archive),4,1354,"mikamo_neru_(bunny),neru_(bunny_girl)_(blue_archive)"
xiangling_(genshin_impact),4,1354,shanrin_(genshin_impact)
bede_(pokemon),4,1352,"bede_(pokémon),beet_(pokemon)"
amane_kanata_(1st_costume),4,1350,
nepgear,4,1350,
america_(hetalia),4,1350,alfred_f._jones
katou_asuka,4,1350,
mokdai,11,1349,
claire_(the_summoning),11,1349,
riesz,4,1348,
kageyama_shigeo,4,1348,
medea_(fate),4,1348,caster
ako_(dress)_(blue_archive),4,1348,
emperor_penguin_(kemono_friends),4,1347,
assam_(girls_und_panzer),4,1346,assam
maebara_keiichi,4,1346,
miyako_(swimsuit)_(blue_archive),4,1344,tsukiyuki_miyako_(swimsuit)
suzuhara_lulu,4,1343,
yahata_umiri,4,1342,
sailor_mars,4,1340,
kaguya_luna,4,1340,
lucy_(cyberpunk),4,1340,lucyna_kushinada
nakamura_yuri,4,1339,yuri_(angel_beats!)
rosmontis_(arknights),4,1339,
eurasian_eagle_owl_(kemono_friends),4,1339,
lammy_lamb,11,1337,
alisa_ilinichina_amiella,4,1337,arisa_iriinchina_amieera
green_(pokemon),4,1336,blue_(pokemon_special)
sukoya_kana,4,1336,
pavolia_reine,4,1335,
m200_(girls'_frontline),4,1335,m200_(girls_frontline)
torchic,4,1334,
lucas_(pokemon),4,1334,"diamond_(pokemon),diamond_(pokémon),kouki_(pokemon),lucas_(pokémon)"
enkidu_(fate),4,1334,enkidu_(fate/strange_fake)
rouge_the_bat,4,1333,"rogue_the_bat,rouge_outfit,rouge_the_bat_outfit,tan_rouge"
nanachi,11,1332,
sasaki_saku,4,1331,
kitazawa_shiho,4,1330,
burnice_white,4,1330,
soraka,11,1329,
ling_(arknights),4,1328,
armin_arlert,4,1328,armin_arelet
kohaku_(tsukihime),4,1325,
chara_(undertale),4,1325,"chara,chara_dreemurr"
gyro_zeppeli,4,1325,
hourai_doll,4,1325,
tarnished_(elden_ring),4,1324,
passionlip_(fate),4,1324,"passion_lip,passionlip"
akizuki_ryo,4,1323,akizuki_ryou
fujisaki_chihiro,4,1322,
mifune_shioriko,4,1322,
godzilla,4,1321,gojira
kuma_(persona_4),4,1321,"kuma_(persona4),teddie_(persona_4)"
raphtalia,4,1321,"raftalia,raftalia_(rising_of_the_shield_hero),raftalia_(shield_hero),raftalia_(the_rising_of_the_shield_hero),raphtalia_(rising_of_the_shield_hero),raphtalia_(shield_hero),raphtalia_(the_rising_of_the_shield_hero)"
alpaca_suri_(kemono_friends),4,1321,alpaca_suri
angel_(lilo_and_stitch),11,1320,"angel_(624),angel_(l&s),angel_(las),angel_(lilo_&_stitch),angel_(stitch),experiment_624"
gilles_de_rais_(caster)_(fate),4,1319,caster_(fate/zero)
karna_(fate),4,1319,"karna_(fate/extra_ccc),lancer_of_red,launcher_(fate/extra_ccc)"
kirara_(genshin_impact),4,1319,
ryoshu_(project_moon),4,1316,ryoshu_(limbus_company)
cure_marine,4,1316,
spider-man,4,1315,"spider_man,spiderman"
aozaki_aoko,4,1315,
cream_heart_(mlp),11,1314,"button's_mom,button's_mom_(mlp),buttons_mom,buttons_mom_(mlp),cream_heart"
merlin_(fate),4,1312,
maikaze_(kancolle),4,1310,maikaze_(kantai_collection)
white_mage_(final_fantasy),4,1309,white_mage
hoshino_fumina,4,1309,
gwen_(league_of_legends),4,1307,
chris_redfield,4,1307,
fidget_(elysian_tail),11,1307,
matsumoto_rangiku,4,1305,
collei_(genshin_impact),4,1305,
zara_(kancolle),4,1305,zara_(kantai_collection)
brazilian_miku,4,1305,
fubuki_(blue_archive),4,1304,nemugaki_fubuki
malenia_blade_of_miquella,4,1303,
sweep_tosho_(umamusume),4,1302,
arjuna_(fate),4,1302,arjuna_(fate/grand_order)
aile_(mega_man_zx),4,1301,aile_(rockman)
ooshio_(kancolle),4,1300,ooshio_(kantai_collection)
azura_(fire_emblem),4,1299,"aqua_(fire_emblem_if),azura_(fire_emblem_fates)"
kazooie,11,1298,
vikala_(granblue_fantasy),4,1298,
rydia_(ff4),4,1298,rydia
izzy_moonbow_(mlp),11,1297,
kishinami_hakuno_(female),4,1296,"female_protagonist_(fate/extra),hakunon_(fate/extra)"
meowscarada,4,1296,
micaiah_(fire_emblem),4,1295,
rabbit_yukine,4,1295,yukine_(vocaloid)
portgas_d._ace,4,1295,"ace_(one_piece),portgas_d_ace"
momozono_love,4,1294,
tsukuyomi_shirabe,4,1293,
hyakumantenbara_salome,4,1293,
slime_(dragon_quest),4,1292,
united_kingdom_(hetalia),4,1292,"arthur_kirkland,england_(hetalia)"
popplio,4,1292,
yumi_(senran_kagura),4,1290,
artoria_pendragon_(swimsuit_ruler)_(first_ascension)_(fate),4,1289,
floyd_leech,4,1288,
rosaria_(genshin_impact),4,1286,
spider-gwen,4,1285,
amanogawa_kirara,4,1285,
raven_(dc),4,1284,raven_(teen_titans)
shiori_novella_(1st_costume),4,1284,
garchomp,4,1281,land_shark
x_(mega_man),4,1281,x_(rockman)
kusanagi_nene,4,1280,
minna-dietlinde_wilcke,4,1280,
mikuma_(kancolle),4,1279,mikuma_(kantai_collection)
shampoo_(ranma_1/2),4,1279,shampoo_(ranma½)
tepig,4,1279,
uzaki_hana,4,1278,
inuyama_aoi,4,1276,
silence_(arknights),4,1276,silent_(arknights)
aranara_(genshin_impact),4,1276,
baiken,4,1275,
manaka_laala,4,1275,manaka_lala
kyoka_(princess_connect!),4,1274,"hikawa_kyouka,kyouka_(princess_connect!)"
minamoto_no_raikou_(swimsuit_lancer)_(fate),4,1274,
zara_(azur_lane),4,1273,
ceres_fauna_(1st_costume),4,1273,
nate_(pokemon),4,1271,"black2_(pokemon),black2_(pokémon),black_2_(pokemon),black_2_(pokémon),blake_(pokemon),kyouhei_(pokemon),lack-two_(pokemon),male_protagonist_(pokemon_bw2),nate_(pokémon)"
lucoa_(maidragon),4,1271,quetzalcoatl_(maidragon)
himeko_(honkai:_star_rail),4,1270,
kazagumo_(kancolle),4,1270,kazagumo_(kantai_collection)
warwick_(lol),11,1270,
pipimi,4,1269,
jaguar_(kemono_friends),4,1269,
furutani_himawari,4,1269,furuya_himawari
racing_miku,4,1265,
jenna_(balto),11,1265,
jingliu_(honkai:_star_rail),4,1265,
kaf_(kamitsubaki_studio),4,1265,
honma_meiko,4,1265,
claude_von_riegan,4,1264,claude_(fire_emblem:_three_houses)
dante_(limbus_company),4,1264,
meta_knight,4,1262,metaknight
agent_8_(splatoon),4,1262,
ceobe_(arknights),4,1259,
mejiro_ardan_(umamusume),4,1259,
vi_(league_of_legends),4,1258,
isabelle_(animal_crossing),4,1257,"bully_isabelle,shizue,shizue_(animal_crossing),shizue_(doubutsu_no_mori)"
namazuo_toushirou,4,1256,
ho'olheyak_(arknights),4,1256,horheyer_(arknights)
silica,4,1254,
heathcliff_(project_moon),4,1254,heathcliff_(limbus_company)
izumi_mei,4,1253,
grusha_(pokemon),4,1252,grusha_(pokémon)
mio_(xenoblade),4,1252,
artoria_pendragon_(alter_swimsuit_rider)_(second_ascension)_(fate),4,1252,
elaina_(majo_no_tabitabi),4,1251,
nerissa_ravencroft_(1st_costume),4,1251,
shidare_hotaru,4,1251,
ori_(ori),11,1250,ori_(ori_and_the_blind_forest)
kongou_kai_ni_(kancolle),4,1250,
virtuosa_(arknights),4,1250,arturia_(arknights)
sakura_miko_(casual),4,1249,sakura_miko_(3rd_costume)
reines_el-melloi_archisorte,4,1249,
cheshire_(azur_lane),4,1249,
kozakura_marry,4,1248,kozakura_mary
nia_(blade)_(xenoblade),4,1248,niyah_(blade)
jungle_pocket_(umamusume),4,1248,
grookey,4,1247,
mejiro_palmer_(umamusume),4,1247,
air_shakur_(umamusume),4,1246,
nemoto_hina,4,1244,
damian_desmond,4,1244,
guido_mista,4,1244,
tang_keke,4,1244,
kawashima_momo,4,1243,
i-26_(kancolle),4,1241,"i-26_(kantai_collection),nimu_(kantai_collection)"
kururugi_suzaku,4,1241,
hina_(dress)_(blue_archive),4,1240,
diamond_tiara_(mlp),11,1240,
medb_(fate),4,1240,"medb_(fate)_(all),medb_(fate/grand_order)"
yoroizuka_mizore,4,1239,
himmel_(sousou_no_frieren),4,1239,
sucrose_(genshin_impact),4,1239,
raora_panthera,4,1238,
kirara_(blue_archive),4,1238,
wise_(zenless_zone_zero),4,1235,
male_doctor_(arknights),4,1235,
mitake_ran,4,1233,
aris_(maid)_(blue_archive),4,1232,tendou_aris_(maid)
angela_(project_moon),4,1232,
sajo_yukimi,4,1232,sajou_yukimi
ziche_fuzhao,4,1232,
kanou_aogu,4,1231,
trunks_(dragon_ball),4,1231,trunks_(dragonball)
hokko_tarumae_(umamusume),4,1231,
sonetto_(reverse:1999),4,1231,sonneto_(reverse:1999)
minamoto_sakura,4,1230,
arataki_itto,4,1229,"arataki_itto_(genshin_impact),itto_(genshin_impact)"
hayasui_(kancolle),4,1229,hayasui_(kantai_collection)
takeda_harumi_(shiromanta),4,1229,
bernadetta_von_varley,4,1228,
heanna_sumire,4,1228,
japan_(hetalia),4,1228,honda_kiku
diona_(genshin_impact),4,1227,
honebami_toushirou,4,1225,
chitose_(kancolle),4,1225,chitose_(kantai_collection)
nursery_rhyme_(fate),4,1225,nursery_rhyme_(fate/extra)
ruan_mei_(honkai:_star_rail),4,1224,
ingo_(pokemon),4,1224,"ingo_(pokémon),nobori_(pokemon)"
hatsushimo_(kancolle),4,1223,hatsushimo_(kantai_collection)
hayasaka_ai,4,1222,
pichu,4,1222,
blaze_(arknights),4,1222,
gnar_(lol),11,1222,gnar
hatsukaze_(kancolle),4,1221,hatsukaze_(kantai_collection)
midare_toushirou,4,1220,
a2_(nier:automata),4,1220,"a2_(nier),yorha_type_a_no._2"
enna_alouette,4,1220,
ivan_karelin,4,1220,
sento_isuzu,4,1219,
cure_black,4,1219,
tails_(sonic),4,1219,
yunyun_(konosuba),4,1218,yun_yun_(konosuba)
caitlyn_(league_of_legends),4,1218,
nagato_(azur_lane),4,1217,
gyro_feather,11,1216,
fumizuki_(kancolle),4,1215,fumizuki_(kantai_collection)
albedo_(overlord),4,1213,albedo
kamikita_komari,4,1213,
steven_stone,4,1213,"daigo_(pokemon),steven_(pokemon),tsuwabuki_daigo"
marth_(fire_emblem),4,1212,
arven_(pokemon),4,1210,arven_(pokémon)
sans_(undertale),4,1210,"sans,sans_undertale,undertale_sans"
coco_pommel_(mlp),11,1210,coco_pommel
zidane_tribal,4,1209,
warfare_goat,11,1209,
kaname_raana,4,1208,
tsuruya,4,1208,
luo_xiaohei,4,1207,luoxiaohei
tomoe_hotaru,4,1207,
tohsaka_tokiomi,4,1206,toosaka_tokiomi
tsurugi_(blue_archive),4,1206,kenzaki_tsurugi
tsushima_(kancolle),4,1206,tsushima_(kantai_collection)
kazanari_tsubasa,4,1206,
chikuma_(kancolle),4,1205,chikuma_(kantai_collection)
captain_(kemono_friends),4,1205,
aki_rosenthal,4,1205,akirose
y'shtola_rhul,4,1204,y'shtola
utage_(arknights),4,1204,
watatsuki_no_toyohime,4,1203,
magical_ruby,4,1203,
airi_(blue_archive),4,1203,kurimura_airi
nagi_(kannagi),4,1201,nagi
trish_(gvh),11,1201,
toon_link,4,1201,
cosplay_pikachu_(character),11,1200,"clothes-changing_pikachu,clothes_changing_pikachu,clothing_changing_pikachu"
miyu_(swimsuit)_(blue_archive),4,1200,kasumizawa_miyu_(swimsuit)
mudkip,4,1199,
narita_top_road_(umamusume),4,1198,
mizuno_ai,4,1197,
yui_(angel_beats!),4,1196,
frye_(splatoon),4,1194,
kamishiro_rui,4,1194,
makabe_mizuki,4,1194,
phoenix_wright,4,1193,naruhodou_ryuuichi
goh_(pokemon),4,1192,"go_(pokemon),go_(pokémon),goh_(pokémon),gou_(pokemon),gou_(pokémon)"
cheren_(pokemon),4,1191,cheren_(pokémon)
chikorita,4,1191,
ta-class_battleship,4,1191,ta-class_(kantai_collection)
wolf_(petruz),11,1189,
yuuki_mikan,4,1189,
carpaccio_(girls_und_panzer),4,1189,carpaccio
rimuru_tempest,4,1189,
yamada_anna,4,1189,
platinum_(arknights),4,1188,
kako_(kancolle),4,1188,kako_(kantai_collection)
guts_(berserk),4,1188,
finana_ryugu,4,1187,
sailor_jupiter,4,1187,
purah,4,1187,
saniwa_(touken_ranbu),4,1187,
crewmate_(among_us),4,1186,
liko_(pokemon),4,1186,riko_(pokemon)
amagi_(azur_lane),4,1186,
takakura_ken_(dandadan),4,1184,okarun_(dandadan)
yukoku_kiriko,4,1183,yuukoku_kiriko
frankenstein's_monster_(fate),4,1183,
ifrit_(arknights),4,1183,
natsuki_(doki_doki_literature_club),4,1182,
bronya_zaychik_(silverwing:_n-ex),4,1182,bronya_zaychik_(silver_wing)
dorothea_arnault,4,1182,
swire_(arknights),4,1181,
alina_gray,4,1181,
nearl_(arknights),4,1180,
maria_cadenzavna_eve,4,1180,maria_cadenzavuna_eve
intrepid_(kancolle),4,1179,intrepid_(kantai_collection)
leonardo_da_vinci_(rider)_(fate),4,1179,
clumsy_nun_(diva),4,1178,protagonist_nun_(diva)
ilulu_(maidragon),4,1178,iruru
ryuzaki_kaoru,4,1178,ryuuzaki_kaoru
justice_(helltaker),4,1177,
sugimoto_saichi,4,1176,
crystalfly_(genshin_impact),4,1176,
maka_albarn,4,1175,"maka_alban,maka_arubaan"
lux_(league_of_legends),4,1175,luxanna_crownguard
yamashiro_(azur_lane),4,1174,
sylphiette_(mushoku_tensei),4,1174,
button_mash_(mlp),11,1174,button_mash
sieg_(fate),4,1173,sieg_(fate/apocrypha)
ran_yakumo,11,1173,
jack-o'_valentine,4,1173,
employee_(project_moon),4,1172,employee_(lobotomy_corporation)
flurry_heart_(mlp),11,1172,"flurry_heart,princess_flurry_heart,princess_flurry_heart_(mlp)"
nowaki_(kancolle),4,1171,nowaki_(kantai_collection)
xuangzang_sanzang_(fate),4,1169,xuanzang_(fate/grand_order)
miyamizu_mitsuha,4,1169,
murasame_kai_ni_(kancolle),4,1169,
sunburst_(mlp),11,1169,
littorio_(kancolle),4,1168,littorio_(kantai_collection)
ghost_(modern_warfare_2),4,1168,simon_riley
yamamura_sadako,4,1168,
winning_ticket_(umamusume),4,1168,
tenjouin_asuka,4,1168,alexis_rhodes
ru-class_battleship,4,1168,
okumura_haru,4,1167,
nakiri_ayame_(1st_costume),4,1167,
murata_himeko,4,1166,
ib_(ib),4,1166,eve_(ib)
eunie_(xenoblade),4,1165,
kaneki_ken,4,1165,
ganondorf,4,1164,ganondorf_(tears_of_the_kingdom)
jill_valentine,4,1164,jill_valentine_(resident_evil)
sakurako_(blue_archive),4,1163,utazumi_sakurako
izuna_(swimsuit)_(blue_archive),4,1163,kuda_izuna_(swimsuit)
ro635_(girls'_frontline),4,1161,ro635_(girls_frontline)
tohno_shiki,4,1161,toono_shiki
raiden_mei_(herrscher_of_thunder),4,1157,
millia_rage,4,1157,
medjed_(fate),4,1156,
toy_freddy_(fnaf),11,1153,
new_jersey_(azur_lane),4,1152,
oshino_ougi,4,1152,
red_pikmin,4,1152,
funtime_foxy_(fnaf),11,1151,"funtime_foxy_(fnafsl),toy_foxy_(fnaf)"
arle_nadja,4,1151,
donkey_kong_(character),11,1150,
gawr_gura_(casual),4,1150,gawr_gura_(2nd_costume)
sister_claire,4,1150,sister_cleaire
thoma_(genshin_impact),4,1149,
dhole_(kemono_friends),4,1149,
hornet_(kancolle),4,1149,hornet_(kantai_collection)
gallus_(mlp),11,1149,
max_(sam_and_max),11,1148,"max_(s&m),max_(sam_&_max),max_(snm),maximilian_(s&m),maximilian_(sam_&_max),maximilian_(snm),maximilian_rabbit,maxwell_(s&m),maxwell_(sam_&_max),maxwell_(snm),maxwell_rabbit"
jingei_(kancolle),4,1147,jingei_(kantai_collection)
takanami_(kancolle),4,1146,takanami_(kantai_collection)
baobhan_sith_(first_ascension)_(fate),4,1145,
iori_(swimsuit)_(blue_archive),4,1145,shiromi_iori_(swimsuit)
naomi_(gvh),11,1145,
oberon_(third_ascension)_(fate),4,1143,
garnet_til_alexandros_xvii,4,1142,"dagger_(ff9),garnet_(ff9)"
ayane_(blue_archive),4,1140,okusora_ayane
penny_(pokemon),4,1139,penny_(pokémon)
eve_(elsword),4,1139,
sakurajima_mai,4,1139,
ness_(mother_2),4,1138,
gwen_stacy,4,1137,
hishi_miracle_(umamusume),4,1137,
mori_calliope_(streetwear),4,1136,"mori_calliope_(2nd_costume),mori_calliope_(casual)"
momoe_nagisa,4,1135,
dan_heng_(imbibitor_lunae)_(honkai:_star_rail),4,1134,
gorou_(genshin_impact),4,1134,
perona,4,1133,
mochizuki_(kancolle),4,1132,mochizuki_(kantai_collection)
merlin_(fate/prototype),4,1131,
vash_the_stampede,4,1131,
shibeta,11,1131,
nanao_yuriko,4,1131,
ogata_hyakunosuke,4,1131,
sucy_manbavaran,4,1131,"sucy_(little_witch_academia),sucy_(lwa),sucy_manbabalan"
katou_megumi,4,1130,
pharah_(overwatch),4,1129,fareeha_amari
yin_(darker_than_black),4,1128,
kos-mos,4,1127,
cure_blossom,4,1127,
shigure_kai_san_(kancolle),4,1121,
switch_dog,11,1120,
yuuki_(sao),4,1120,
cure_sunshine,4,1119,
torahiko_(morenatsu),11,1118,"ooshima_torahiko,torahiko,torahiko_ooshima"
yuumi_(lol),11,1118,
jolteon,4,1118,
kula_diamond,4,1118,
izumi-no-kami_kanesada,4,1118,
tsukumo_yatsuhashi,4,1118,
kel_(faraway)_(omori),4,1117,
kurapika,4,1116,
cure_beauty,4,1116,
nu-13,4,1115,"nu_(blazblue),v-13"
kasaki_nozomi,4,1115,
huang_baoling,4,1114,paolin_huan
aegir_(azur_lane),4,1114,agir_(azur_lane)
yorumi_rena,4,1112,
brok_(brok_the_investigator),11,1112,
izayoi_aki,4,1112,akiza_izinski
pipp_petals_(mlp),11,1111,pipp_(mlp)
yui_(princess_connect!),4,1111,kusano_yui
berserker_(fate/zero),4,1110,
vivlos_(umamusume),4,1110,
tada_riina,4,1110,
astolfo_(sailor_paladin)_(fate),4,1109,
pramanix_(arknights),4,1109,
ilulu,11,1108,iruru
jax_(tadc),11,1107,
kiriya_aoi,4,1107,
faruzan_(genshin_impact),4,1106,
hello_kitty_(character),4,1106,kitty_white
latias,4,1104,shiny_latias
scaramouche_(kabukimono)_(genshin_impact),4,1104,
slaine_troyard,4,1103,
koyuki_(blue_archive),4,1103,kurosaki_koyuki
homu_(honkai_impact),4,1102,
scathach_(swimsuit_assassin)_(fate),4,1102,
dantsu_flame_(umamusume),4,1101,
sunny_starscout_(mlp),11,1100,
prinz_eugen_(unfading_smile)_(azur_lane),4,1100,
shirogane_noel_(1st_costume),4,1100,
sawa_azusa,4,1099,
la_pluma_(arknights),4,1098,
olimar,4,1098,
nicole_the_lynx,11,1098,
xianyun_(genshin_impact),4,1098,
yusa_kozue,4,1097,
sorceress_(dragon's_crown),4,1097,
estellise_sidos_heurassein,4,1097,
ganglie_(tas),11,1097,gouryu
usopp,4,1097,
fudo_yusei,4,1096,"fudou_yuusei,yusei_fudo"
kiran_(fire_emblem),4,1096,summoner_(fire_emblem_heroes)
hisui_(tsukihime),4,1095,
rengoku_kyoujurou,4,1094,
hoshimachi_suisei_(school_uniform),4,1094,hoshimachi_suisei_(4th_costume)
okabe_rintarou,4,1093,hououin_kyouma
mordred_(memories_at_trifas)_(fate),4,1091,
violet_evergarden,4,1090,violet_evergarden_(character)
hau_(pokemon),4,1090,hau_(pokémon)
litwick,4,1089,
protagonist_3_(housamo),4,1089,"master_3_(housamo),master_3_(tokyo_houkago_summoners),mc3_(housamo)"
roma_(kancolle),4,1088,roma_(kantai_collection)
nasus_(lol),11,1088,
len_(tsukihime),4,1087,
winry_rockbell,4,1087,
alphonse_elric,4,1086,
edmond_dantes_(fate),4,1086,edmond_dantes_(fate/grand_order)
miyamoto_musashi_(swimsuit_berserker)_(second_ascension)_(fate),4,1085,
kino_(kino_no_tabi),4,1084,
florence_nightingale_(trick_or_treatment)_(fate),4,1083,trick_or_treatment
ingrid_brandl_galatea,4,1083,ingrid_brandol_galatea
iwakura_lain,4,1083,
kars_(jojo),4,1083,cars_(jojo)
kisaragi_shintarou,4,1083,
kasumi_(blue_archive),4,1081,kinugawa_kasumi
corrin_(male)_(fire_emblem),4,1081,male_my_unit_(fire_emblem_if)
okazaki_yumemi,4,1080,
fuji_kiseki_(umamusume),4,1080,
rebecca_cunningham,11,1079,
roboco-san,4,1079,
absol,4,1079,shiny_absol
lucy_heartfilia,4,1079,lucy_heartphilia
magnemite,4,1079,
ferry_(granblue_fantasy),4,1078,ferri_(granblue_fantasy)
cinderace,4,1077,
vane_(granblue_fantasy),4,1077,
sol_badguy,4,1077,
lyria_(granblue_fantasy),4,1076,
momo_velia_deviluke,4,1076,
nijigaoka_mashiro,4,1076,
momiji_inubashiri,11,1076,inubashiri_momizi
feixiao_(honkai:_star_rail),4,1075,
hinaichigo,4,1075,hina_ichigo
waddle_dee,4,1075,
von_lycaon,4,1072,
rx-78-2,4,1071,
yuna_(ff10),4,1071,yuna_(final_fantasy)
fuecoco,4,1070,
sakura_chiyono_o_(umamusume),4,1069,
iroha_(samurai_spirits),4,1068,
fukuzawa_yumi,4,1068,
k1-b0,4,1067,keebo
uryuu_ryuunosuke,4,1067,
yonaga_angie,4,1067,
kinomoto_sakura_(magic_dream_costume),4,1066,
copano_rickey_(umamusume),4,1066,
abigail_williams_(traveling_outfit)_(fate),4,1066,
luma_(mario),4,1066,chiko_(mario)
acerola_(pokemon),4,1064,"acerola_(pokémon),trial_captain_acerola"
yoshizawa_kasumi,4,1064,
annie_leonhart,4,1064,annie_leonhardt
king_hassan_(fate),4,1064,king_hassan_(fate/grand_order)
sonia_nevermind,4,1064,
lulu_(lol),11,1063,
jill_stingray,4,1063,julianne_stingray
litten,4,1063,
yamagumo_(kancolle),4,1062,yamagumo_(kantai_collection)
shigure_(blue_archive),4,1062,mayoi_shigure
otomachi_una,4,1062,
araragi_karen,4,1062,
vergil_(devil_may_cry),4,1062,vergil
kohinata_miho,4,1061,
anonymous_character,11,1061,azerio
altaria,4,1061,
priest_(ragnarok_online),4,1060,
suomi_(girls'_frontline),4,1060,"suomi_kp31_(girls'_frontline),suomi_kp31_(girls_frontline)"
subaru_nakajima,4,1059,nakajima_subaru
outis_(project_moon),4,1058,outis_(limbus_company)
yuuki_(princess_connect!),4,1058,yuuki_(princess_connect)
rachel_alucard,4,1057,
yuri_(doki_doki_literature_club),4,1057,
angel_(mlp),11,1056,angel_bunny_(mlp)
suzukaze_aoba,4,1055,
alolan_vulpix,4,1055,"alola_vulpix,vulpix_(alola_form),vulpix_(alolan_form)"
chiori_(genshin_impact),4,1055,
kujou_karen,4,1052,
gummigoo_(tadc),11,1052,gummigoo_(the_amazing_digital_circus)
marie_rose,4,1052,
island_fox_(kemono_friends),4,1052,
ookami_mio_(1st_costume),4,1051,
ookami_mio_(casual),4,1051,ookami_mio_(3rd_costume)
amamiya_kokoro,4,1051,
maruzensky_(umamusume),4,1051,
mew_(pokemon),4,1051,"mew,mew_(pokémon)"
euryale_(fate),4,1051,euryale
tomimi_(arknights),4,1050,
pekomon_(usada_pekora),4,1049,nousagi_(usada_pekora)
texas_the_omertosa_(arknights),4,1049,
cu_sith_(tas),11,1049,
ushiromiya_maria,4,1049,
stella_(gvh_beta),11,1048,stella_(snoot_game)
meltryllis_(swimsuit_lancer)_(first_ascension)_(fate),4,1048,
gon_freecss,4,1048,
tenochtitlan_(fate),4,1047,"huitzilopochtli_(fate),tlaloc_(fate)"
kiss-shot_acerola-orion_heart-under-blade,4,1046,"/kah,kissshot_acerolaorion_heartunderblade"
komaki_manaka,4,1046,
helltaker_(character),4,1046,
hiyori_(blue_archive),4,1044,tsuchinaga_hiyori
clarisse_(granblue_fantasy),4,1044,
asahina_mirai,4,1044,
akitsushima_(kancolle),4,1043,akitsushima_(kantai_collection)
young_link,4,1043,
sisu_(ratld),11,1043,
ken_masters,4,1042,
allister_(pokemon),4,1042,"allister_(pokémon),onion_(pokemon)"
shikanoin_heizou,4,1041,
sigewinne_(genshin_impact),4,1041,
saijo_juri,4,1040,saijou_juri
sanageyama_uzu,4,1040,
miia_(monster_musume),4,1040,meer_(monster_musume)
himejima_akeno,4,1040,
takane_lui_(1st_costume),4,1039,
sakura_bakushin_o_(umamusume),4,1039,
misaka_imouto,4,1039,
ibuki_fuuko,4,1038,
hsien-ko,4,1038,"lei_lei,leilei"
nadia_la_arwall,4,1038,nadia
ichigo_(darling_in_the_franxx),4,1038,
taneshima_popura,4,1038,taneshima_poplar
amicus_(adastra),11,1037,
shinonome_akito,4,1037,
humboldt_penguin_(kemono_friends),4,1036,
grace_howard,4,1035,
cure_happy,4,1035,
lion_(kemono_friends),4,1035,
yamagishi_fuuka,4,1035,
el_condor_pasa_(umamusume),4,1034,
cure_white,4,1034,
fuuka_(blue_archive),4,1034,aikiyo_fuuka
aisha_landar,4,1034,aisha_(elsword)
nekomata_okayu_(oversized_shirt),4,1034,"nekomata_okayu_(4th_costume),nekomata_okayu_(loungewear)"
professor_niyaniya_(blue_archive),4,1034,
houjou_tokiyuki_(nige_jouzu_no_wakagimi),4,1033,hojo_tokiyuki_(nigejozu_no_wakagimi)
cu_chulainn_alter_(fate),4,1033,cu_chulainn_alter_(fate/grand_order)
horikawa_kunihiro,4,1032,
fiammetta_(arknights),4,1032,suffering_(arknights)
silver_spoon_(mlp),11,1031,
jintsuu_kai_ni_(kancolle),4,1031,
yellow_(pokemon),4,1030,yellow_(pokémon)
tiki_(adult)_(fire_emblem),4,1030,
galo_thymos,4,1030,
soap_(modern_warfare_2),4,1030,john_mactavish
muelsyse_(arknights),4,1029,
sado_(kancolle),4,1029,sado_(kantai_collection)
ibuki_tsubasa,4,1029,
arthur_pendragon_(fate),4,1029,saber_(fate/prototype)
luciana_de_montefio,4,1029,lucy_(zenless_zone_zero)
kyappy,11,1028,
volos_(tas),11,1027,
yumehara_nozomi,4,1026,
tsunomaki_watame_(1st_costume),4,1026,
gallade,4,1026,shiny_gallade
isshiki_iroha,4,1026,
kanbaru_suruga,4,1025,
fu_xuan_(honkai:_star_rail),4,1025,
rambley_raccoon,11,1025,rambley_(indigo_park)
yokoyama_nao,4,1025,
froggy_nun_(diva),4,1025,hook-bang_nun_(diva)
mualani_(genshin_impact),4,1024,
yozora_mel,4,1024,
kitashirakawa_tamako,4,1023,
gyobu_(tas),11,1023,
g'raha_tia,4,1023,
verxina_(umamusume),4,1022,
nekomusume_(gegege_no_kitarou_6),4,1021,
mobius_(honkai_impact),4,1021,
hunter_(bloodborne),4,1020,
chandelure,4,1020,
cerberus_(helltaker),4,1019,
cure_march,4,1019,
rudolph_the_red-nosed_reindeer,11,1019,
danua,4,1019,
lance_(pokemon),4,1018,lance_(pokémon)
cure_melody,4,1018,
alice_zuberg,4,1017,alice_schuberg
seele_(alter_ego),4,1016,veliona
kaine_(nier),4,1016,
ogata_chieri,4,1015,
mavuika_(genshin_impact),4,1015,
queen_bee-lzebub_(helluva_boss),11,1015,
eva_02,4,1015,
shizuka_rin,4,1015,
assassin_(fate/zero),4,1014,
kira_yoshikage,4,1014,
eirika_(fire_emblem),4,1014,
narancia_ghirga,4,1013,
gold_city_(umamusume),4,1013,
rpk-16_(girls'_frontline),4,1013,rpk-16_(girls_frontline)
manabe_nodoka,4,1013,
saotome_ranma,4,1013,
kuruk_(character),11,1012,
furudo_erika,4,1012,
bianca_(dq5),4,1011,
kazama_asuka,4,1011,
himemushi_momoyo,4,1011,
hanami_ume,4,1011,
tadatomo_(tas),11,1011,
taiki_shuttle_(umamusume),4,1010,
lulu_(league_of_legends),4,1010,
zabaniyya_(housamo),4,1010,"zabaniya_(housamo),zabaniya_(tokyo_houkago_summoners)"
samuel_b._roberts_(kancolle),4,1009,samuel_b._roberts_(kantai_collection)
lucia_(pgr),4,1009,lucia_(punishing:_gray_raven)
shirayuki_hime,4,1008,
friend_(nanashi_mumei),4,1007,
akane_(bunny)_(blue_archive),4,1006,"akane_(bunny_girl)_(blue_archive),murokasa_akane_(bunny)"
chrom_(fire_emblem),4,1006,"chrom_(fire_emblem:_awakening),krom"
ten'ou_haruka,4,1004,"tennou_haruka,tenoh_haruka,tenou_haruka"
kazusa_(band)_(blue_archive),4,1003,
yotsuba_alice,4,1003,
pyra_(pro_swimmer)_(xenoblade),4,1003,
oktavia_von_seckendorff,4,1002,oktavia_von_seckendorff_(madoka_magica)
camellya_(wuthering_waves),4,1001,
warfare_renamon,11,1001,
