original,3,1167308,"/o,original_character"
touhou,3,900574,"/to,the_embodiment_of_scarlet_devil,touhou_project"
mythology,10,681004,"classical_mythology,folklore,mithology,myth,mythical_creature,mythological"
kantai_collection,3,497436,"kancolle,kankore"
fate_(series),3,324179,"fate/extella_(series),fate_apocrypha,fate_extella,fate_extella_(series),fate_extra,fate_extra_ccc,fate_grand/order,fate_grand_order,fate_hollow_ataraxia,fate_stay/night,fate_stay_night,fate_zero"
pokemon,3,265951,"alola,anthro_pokemon,anthro_pokémon,big_pokemon,big_pokémon,bug_pokemon,bug_pokémon,bug_type_pokemon,bug_type_pokémon,bug_typed_pokemon,bug_typed_pokémon,dark_pokemon,dark_pokémon,dark_type_pokemon,dark_type_pokémon,dark_typed_pokemon,dark_typed_pokémon,dragon_pokemon,dragon_pokémon,dragon_type_pokemon,dragon_type_pokémon,dragon_typed_pokemon,dragon_typed_pokémon,electric_pokemon,electric_pokémon,electric_type,electric_type_pokemon,electric_type_pokémon,electric_typed_pokemon,electric_typed_pokémon,fairy_pokemon,fairy_pokémon,fairy_type_pokemon,fairy_type_pokémon,fairy_typed_pokemon,fairy_typed_pokémon,fat_pokemon,fat_pokémon,feral_pokemon,feral_pokémon,fighting_pokemon,fighting_pokémon,fighting_type_pokemon,fighting_type_pokémon,fighting_typed_pokemon,fighting_typed_pokémon,fire_pokemon,fire_pokémon,fire_type,fire_type_pokemon,fire_type_pokémon,fire_typed_pokemon,fire_typed_pokémon,flying_pokemon,flying_pokémon,flying_type_pokemon,flying_type_pokémon,flying_typed_pokemon,flying_typed_pokémon,galar,ghost_pokemon,ghost_pokémon,ghost_type_pokemon,ghost_type_pokémon,ghost_typed_pokemon,ghost_typed_pokémon,giant_pokemon,giant_pokémon,grass_pokemon,grass_pokémon,grass_type_pokemon,grass_type_pokémon,grass_typed_pokemon,grass_typed_pokémon,ground_pokemon,ground_pokémon,ground_type_pokemon,ground_type_pokémon,ground_typed_pokemon,ground_typed_pokémon,hoenn,ice_pokemon,ice_pokémon,ice_type_pokemon,ice_type_pokémon,ice_typed_pokemon,ice_typed_pokémon,johto,kalos,kanto,kantonian,leaked_pokemon,normal_pokemon,normal_pokémon,normal_type_pokemon,normal_type_pokémon,normal_typed_pokemon,normal_typed_pokémon,pkmn,pkmnart,pkmnfanart,pocket_monster,pocket_monsters,poison_pokemon,poison_pokémon,poison_type_pokemon,poison_type_pokémon,poison_typed_pokemon,poison_typed_pokémon,pokemin,pokemmon,pokemo,pokemon_(game),pokemon_character,pokemon_company,pokemon_evolutions,pokemon_fanart,pokemon_number,pokemon_red_green_blue_&_yellow,pokemon_s/s,pokemon_scarlet,pokemon_scarlet_and_violet,pokemon_shield,pokemon_sun_and_moon,pokemon_sword,pokemon_sword_and_shield,pokemon_theme,pokemon_violet,pokemonart,pokemonfanart,pokemons,pokemonshield,pokemonsword,pokeporn,pokémon,pokémon_(game),pokémon_anime,pokémon_company,pokémon_evolutions,pokémon_gsc,pokémon_number,pokémon_red_green_blue_&_yellow,pokémon_rgby,pokémon_rse,pokémon_s/s,pokémon_scarlet,pokémon_scarlet_and_violet,pokémon_shield,pokémon_sv,pokémon_sword,pokémon_sword_and_shield,pokémon_swsh,pokémon_violet,pokémonshield,pokémonsword,porkyman,psychic_pokemon,psychic_pokémon,psychic_type_pokemon,psychic_type_pokémon,psychic_typed_pokemon,psychic_typed_pokémon,rock_pokemon,rock_pokémon,rock_type_pokemon,rock_type_pokémon,rock_typed_pokemon,rock_typed_pokémon,sinnoh,starter_pokemon,starter_pokémon,steel_pokemon,steel_pokémon,steel_type_pokemon,steel_type_pokémon,steel_typed_pokemon,steel_typed_pokémon,too_many_pokemon,too_many_pokemons,too_many_pokémon,too_many_pokémons,unova,water_pokemon,water_pokémon,water_type_pokemon,water_type_pokémon,water_typed_pokemon,water_typed_pokémon"
friendship_is_magic,10,253921,"fim,generation_4,mane_six,mlp:fim,mlp_fim,mlpfim,my_little_pony_(friendship_is_magic),my_little_pony_friendship_is_magic"
blue_archive,3,244929,
fate/grand_order,3,238192,fgo
idolmaster,3,229477,"idol_master,idolm@ster,the_idolmaster"
genshin_impact,3,219147,genshin
hololive,3,216762,
vocaloid,3,156791,"/vo,vocaloid_2,vocaloid_3"
arknights,3,137253,mingri_fangzhou
azur_lane,3,128980,bilan_hangxian
idolmaster_cinderella_girls,3,122027,cinderella_girls
umamusume,3,117290,uma_musume
sonic_the_hedgehog_(series),10,115769,"chaotix,knuckles'_chaotix,knuckles_chaotix,mobian,mobian_(species),mobian_species,mobians,sonic,sonic(series),sonic_&_knuckles,sonic_(lost_world),sonic_(species),sonic_and_knuckles,sonic_characters,sonic_lost_world,sonic_mega_collection,sonic_oc,sonic_r,sonic_rivals,sonic_series,sonic_spinball,sonic_style,sonic_the_hedgehog_(copyright),sonic_the_hedgehog_(franchise),sonic_the_hedgehog_series,sonic_universe,sonic_{series)"
honkai_(series),3,91345,
fire_emblem,3,90326,"/fe,fireemblem"
love_live!,3,88667,
final_fantasy,3,79652,"/ff,finalfantasy"
mahou_shoujo_madoka_magica,3,72414,"/msmm,/pmmm,madoka_magica"
european_mythology,10,70900,
hololive_english,3,65617,
girls_und_panzer,3,65090,
undertale_(series),10,63270,tobyfox
girls'_frontline,3,62573,
nijisanji,3,60317,
honkai:_star_rail,3,57937,honkai_star_rail
mahou_shoujo_madoka_magica_(anime),3,55778,
precure,3,52717,
danganronpa_(series),3,51566,"dangan-ronpa,dangan_ronpa"
kemono_friends,3,50705,"kemo_fure,kemofure,kemono_furenzu,けものフレンズ"
gundam,3,48781,
granblue_fantasy,3,47923,
jojo_no_kimyou_na_bouken,3,45731,"/jjba,/jjkb"
indie_virtual_youtuber,3,40222,
scottgames,10,40024,
mario_bros,10,39273,"mario_bros_(series),mario_brothers,mario_sunshine,new_super_mario_bros,super_mario,super_mario_bros,super_mario_bros.,super_mario_bros_2,super_mario_bros_3,super_mario_brothers"
fate/stay_night,3,38290,"/fsn,fate_stay_night"
idolmaster_shiny_colors,3,37588,shiny_colors
idolmaster_(classic),3,36742,
love_live!_school_idol_project,3,35130,
one_piece,3,34563,
lifewonders,10,33935,
persona,3,33670,
tencent,10,33146,
honkai_impact_3rd,3,32321,
boku_no_hero_academia,3,30673,
neon_genesis_evangelion,3,29028,"/nge,evangelion,shin_seiki_evangelion"
league_of_legends,3,28639,
the_legend_of_zelda,3,28620,"/loz,legend_of_zelda,legend_of_zelda_(series),tloz,zelda_no_densetsu"
pokemon_swsh,3,28084,"pokemon_shield,pokemon_sword"
yu-gi-oh!,3,27678,"/ygo,yu-gi-oh,yu-gi-ou,yu-gi-ou!,yu_gi_oh,yu_gi_oh!,yugioh,yugioh!,yuu-gi-ou,yuugioh"
final_fantasy_xiv,3,26690,"/ff14,ff14,ffxiv,final_fantasy_14"
final_fantasy_vii,3,26488,"/ff7,ff7,ffvii,final_fantasy_7"
k-on!,3,26056,"k-on,k-on!!,keion,keion!,kon!"
splatoon_(series),3,25880,
asian_mythology,10,25298,
fire_emblem_heroes,3,25274,
street_fighter,3,25251,"/sf,street_fighter_alpha,street_fighter_ii,street_fighter_iii,street_fighter_iv,street_fighter_zero,streetfighter"
east_asian_mythology,10,25022,
chainsaw_man,3,24848,
lyrical_nanoha,3,24510,
princess_connect!,3,24295,priconne
suzumiya_haruhi_no_yuuutsu,3,24213,"/shny,suzumiya_haruhi_no_yuutsu"
zenless_zone_zero,3,24088,zzz_(game)
toaru_majutsu_no_index,3,23791,"a_certain_magical_index,to_aru_majutsu_no_index"
idolmaster_million_live!,3,23757,"/iml,idolmaster_million_live,million_live"
world_witches_series,3,23231,
fate/extra,3,23104,
mario_(series),3,23050,
fire_emblem:_three_houses,3,22901,fire_emblem:_fuukasetsugetsu
xenoblade_chronicles_(series),3,22728,
dragon_ball,3,22726,"/db,dragonball"
pokemon_sv,3,21360,"pokemon_scarlet,pokemon_violet"
bocchi_the_rock!,3,21077,
project_moon,3,20961,
bang_dream!,3,20913,
love_live!_sunshine!!,3,20360,
danganronpa_2:_goodbye_despair,3,19974,"dangan-ronpa_2,dangan_ronpa_2,super_dangan-ronpa_2,super_dangan_ronpa_2,super_danganronpa_2"
pokemon_(anime),3,19685,/pkani
guilty_gear,3,19201,"/gg,guiltygear"
sonic_the_hedgehog_(comics),10,19133,"satam,sonic_comic,sonic_comics,sonic_satam,sonic_universe_(comic)"
pokemon_sm,3,19108,"pokemon_moon,pokemon_sun,pokemon_sun_and_moon"
fate/apocrypha,3,19005,
danganronpa_v3:_killing_harmony,3,18713,new_danganronpa_v3
warner_brothers,10,18694,"warner_bros,warner_bros."
sony_corporation,10,18667,"sony_corporation_of_america,sony_of_america,sony_of_japan"
sony_interactive_entertainment,10,18458,"sie_worldwide_studios,sony_computer_entertainment,sony_interactive_entertainment_llc,sony_interactive_entertainment_worldwide_studios"
voiceroid,3,17228,
xenoblade_chronicles_2,3,16989,xenoblade_2
overwatch,3,16812,
kono_subarashii_sekai_ni_shukufuku_wo!,3,16708,"kono_subarashii_sekai_ni_shukufuku_o!,konosuba"
re:zero_kara_hajimeru_isekai_seikatsu,3,16703,"re:zero_-_starting_life_in_another_world,re:zero_−_starting_life_in_another_world,re_zero"
goddess_of_victory:_nikke,3,16634,
naruto_(series),3,16540,
sword_art_online,3,16465,/sao
touken_ranbu,3,16392,torabu
tales_of_(series),3,16376,
monster_hunter,10,16285,"mhw,monster_hun,monster_huner,monster_hunte_world,monster_hunter:rise,monster_hunter:world,monster_hunter_(nintendo_3ds),monster_hunter_3_ultimate,monster_hunter_4_ultimate,monster_hunter_cross,monster_hunter_generations,monster_hunter_generations_ultimate,monster_hunter_online,monster_hunter_portable,monster_hunter_risde,monster_hunter_tri,monster_hunter_word,monster_hunter_world,monster_hunter_worldanimal_penis,monster_hunters"
monogatari_(series),3,16194,
strike_witches,3,16110,/sw
fire_emblem_fates,3,16074,fire_emblem_if
ragnarok_online,3,15830,"/ro,ragnarokonline"
fate/zero,3,15638,fate_zero
bishoujo_senshi_sailor_moon,3,15325,/bssm
jujutsu_kaisen,3,15203,
xbox_game_studios,10,14936,"microsoft_game_studios,microsoft_games,microsoft_studios"
kill_la_kill,3,14933,klk
toaru_kagaku_no_railgun,3,14750,"a_certain_scientific_railgun,to_aru_kagaku_no_railgun"
love_live!_nijigasaki_high_school_idol_club,3,14705,perfect_dream_project
dragon_quest,3,14633,/dq
idolmaster_cinderella_girls_starlight_stage,3,14614,
gochuumon_wa_usagi_desu_ka?,3,14542,"gochiusa,gochuumon_wa_usagi_desuka?,is_the_order_a_rabbit?"
pokemon_bw,3,14530,"pokemon_b&w,pokemon_black,pokemon_black_and_white,pokemon_white"
mega_man_(series),3,14528,"megaman_(series),rockman"
link!_like!_love_live!,3,14509,"love_live!_hasu_no_sora_jogakuin_school_idol_club,love_live!_hasunosora_jogakuin_school_idol_club"
overwatch_1,3,14482,
project_sekai,3,14431,
sousou_no_frieren,3,14212,frieren:_beyond_journey's_end
the_king_of_fighters,3,13743,"kingoffighters,kof"
code_geass,3,13470,code_geass_hangyaku_no_lelouch_r2
limbus_company,3,13339,
nijisanji_en,3,13289,
nier_(series),3,13173,
fire_emblem_awakening,3,13165,"/fe11,fire_emblem:_awakening,fire_emblem:_kakusei,fire_emblem_kakusei"
marvel,3,13103,marvel_comics
utau,3,13080,
bleach,3,13033,
lucky_star,3,12821,/ls
neptune_(series),3,12800,
kimetsu_no_yaiba,3,12687,demon_slayer_(series)
saibou_shinkyoku,3,12518,
shingeki_no_kyojin,3,12478,
sonic_the_hedgehog_(archie),10,12460,"archie_sonic,archie_sonic_comic,archie_sonic_comics,sonic_(archie),sonic_archie,sonic_archie_comic,sonic_archie_comics"
spy_x_family,3,12312,
touhou_(pc-98),3,12291,
pokemon_dppt,3,12202,"pokemon_d&p,pokemon_diamond,pokemon_diamond_and_pearl,pokemon_dp,pokemon_dpp,pokemon_pearl"
tokyo_afterschool_summoners,3,12068,"housamo,tokyo_houkago_summoners"
mahou_shoujo_lyrical_nanoha,3,11765,"/msln,mahou_shoujo_lyirical_nanoha,mahoushoujolyricalnanoha"
lilo_and_stitch,10,11723,"disney_stitch,lilo_&_stitch:_the_series,lilo_&_stitch_(film),lilo_&_stitch_(franchise),lilo_&_stitch_(movie),lilo_&_stitch_(series),lilo_&_stitch_(tv_series),lilo_&_stitch_the_series,lilo_and_stitch:_the_series,lilo_and_stitch_(film),lilo_and_stitch_(franchise),lilo_and_stitch_(movie),lilo_and_stitch_(series),lilo_and_stitch_(tv_series),lilo_and_stitch_the_series"
nier:automata,3,11675,
mahou_shoujo_lyrical_nanoha_strikers,3,11659,"/mslns,mahou_shoujo_lyirical_nanoha_strikers"
persona_4,3,11648,
real_life,3,11638,
steel_wool_studios,10,11590,
blazblue,3,11451,blazeblue
danganronpa:_trigger_happy_havoc,3,11448,danganronpa_1
persona_5,3,11380,
sonic_(series),3,11362,
final_fantasy_vii_remake,3,11352,
go-toubun_no_hanayome,3,11226,the_quintessential_quintuplets
higurashi_no_naku_koro_ni,3,11144,"/hig,higurashi,when_the_cicadas_cry"
dungeon_meshi,3,11126,
inazuma_eleven_(series),3,10989,
rwby,3,10981,
stardust_crusaders,3,10879,
spike_chunsoft,10,10876,chunsoft
digimon,3,10803,"digimon_adventure_tri,tamers"
dragon_ball_z,3,10764,"/dbz,dbz,dragonball_z,dragonballz"
persona_3,3,10712,persona_3_(portable)
rebuild_of_evangelion,3,10564,
umineko_no_naku_koro_ni,3,10564,"umineko,when_the_seagulls_cry"
cavemanon_studios,10,10510,
fate/extra_ccc,3,10391,
tengen_toppa_gurren_lagann,3,10339,"/ttgl,gurren_lagann,tengen_toppa_gurren-lagann"
darkstalkers,3,10176,"dark_stalkers,vampire_savior,vampire_savior_(game),vampire_saviour"
rozen_maiden,3,10153,"/rm,rosen_maiden,rozenmaiden"
tsukihime,3,10131,shingetsutan_tsukihime
macross,3,10054,
senran_kagura,3,10024,senran_kagura_(series)
wizards_of_the_coast,10,10015,wotc
splatoon,10,9948,"octo_expansion,splatoon2"
pokemon_bw2,3,9913,"pokemon_b&w2,pokemon_b2&w2,pokemon_b2w2,pokemon_black_2,pokemon_black_2_and_white_2,pokemon_white_2"
senki_zesshou_symphogear,3,9908,senki_zesshou_symphogear_xv
bang_dream!_it's_mygo!!!!!,3,9889,
fate/kaleid_liner_prisma_illya,3,9831,
kirby_(series),3,9651,hoshi_no_kirby
kamen_rider,3,9651,
monster_hunter_(series),3,9546,
super_smash_bros.,3,9470,"/ssb,/ssbb,/ssbm,smash_bros,smash_bros._1,smash_bros._brawl,smash_bros._for_nintendo_3ds_and_wii_u,smash_bros._melee,smash_bros._ultimate,smash_bros_1,smash_bros_brawl,smash_bros_for_nintendo_3ds_and_wii_u,smash_bros_melee,smash_bros_ultimate,smash_brothers_1,smash_brothers_brawl,smash_brothers_for_nintendo_3ds_and_wii_u,smash_brothers_melee,smash_brothers_ultimate,ssb,ssb1,ssb3ds,ssb_3ds,ssb_wii_u,ssbb,ssbm,ssbwiiu,super_smash_bros,super_smash_bros._1,super_smash_bros._brawl,super_smash_bros._for_nintendo_3ds_and_wii_u,super_smash_bros._melee,super_smash_bros_1,super_smash_bros_brawl,super_smash_bros_for_nintendo_3ds_and_wii_u,super_smash_bros_melee,super_smash_brothers,super_smash_brothers_1,super_smash_brothers_brawl,super_smash_brothers_for_nintendo_3ds_and_wii_u,super_smash_brothers_melee"
magia_record:_mahou_shoujo_madoka_magica_gaiden,3,9434,magia_record
reverse:1999,3,9328,
smile_precure!,3,9064,"glitter_force,smile_precure"
warfare_machine,10,9037,
gundam_suisei_no_majo,3,8972,gundam_the_witch_from_mercury
battle_tendency,3,8927,
atelier_(series),3,8795,
naruto,3,8784,
pokemon_xy,3,8780,"pokemon_x,pokemon_x&y,pokemon_x_and_y,pokemon_y"
omori,3,8576,
assault_lily,3,8569,
cardcaptor_sakura,3,8530,"/ccs,card_captor_sakura,ccs"
snoot_game,10,8473,"snoot-game,snoot_game_(fan_game),snootgame"
fire_emblem_engage,3,8464,
vento_aureo,3,8453,golden_wind
cookie_(touhou),3,8373,"cookie☆,cookie✰"
the_legend_of_zelda:_breath_of_the_wild,3,8359,
wuthering_waves,3,8192,
aggretsuko,10,8167,agressive_retsuko
guilty_gear_strive,3,8161,
idolmaster_million_live!_theater_days,3,8017,
breath_of_the_wild,10,7994,"botw,loz:_botw,loz_botw,zelda_botw"
elden_ring,3,7969,
gakuen_idolmaster,3,7955,
dungeons_and_dragons,10,7924,"d&d,dnd"
last_origin,3,7798,
pretty_series,3,7790,pretty_(series)
dc_comics,3,7781,"dc,dc_(comics),detective_comics_comics"
onii-chan_wa_oshimai!,3,7712,"onii-chan_wa_oshimai,onimai"
to_heart_(series),3,7662,
oshi_no_ko,3,7628,
bakemonogatari,3,7530,
pokemon_hgss,3,7505,"pokemon_heartgold,pokemon_heartgold_and_soulsilver,pokemon_hg,pokemon_hg&ss,pokemon_soulsilver,pokemon_ss"
lycoris_recoil,3,7502,
saki_(manga),3,7500,saki
ore_no_imouto_ga_konna_ni_kawaii_wake_ga_nai,3,7495,"/oreimo,my_little_sister_can't_be_this_cute,ore_no_imouto_ga_konnani_kawaii_wake_ga_nai,oreimo"
the_bad_guys,10,7463,bad_guys
helltaker,3,7451,
pokemon_legends:_arceus,3,7448,
twilight_princess,10,7429,
hololive_indonesia,3,7407,
high_school_dxd,3,7329,highschool_dxd
ratchet_and_clank,10,7271,ratchet_and_clank:_rift_apart
kobayashi-san_chi_no_maidragon,3,7216,maidragon
gridman_universe,3,7194,
tiger_&_bunny,3,7191,"tiger&bunny,tiger_and_bunny"
eiyuu_densetsu,3,7161,"legend_of_heroes,the_legend_of_heroes"
fallout,10,7159,"fallout_2,fallout_new_vegas,fallout_nv"
aikatsu!_(series),3,7140,
apex_legends,3,7133,
mass_effect,10,6994,
splatoon_3,3,6992,
yuru_yuri,3,6944,yuruyuri
pixiv_fantasia,3,6893,
axis_powers_hetalia,3,6833,"hetalia_axis_powers,hetaria"
ensemble_stars!,3,6818,
pokemon_masters_ex,3,6781,
inazuma_eleven_go,3,6712,
resident_evil,3,6683,"biohazard,resident_evil_3,resident_evil_dead_aim,resident_evil_outbreak_file_2,resident_evil_revelations"
warship_girls_r,3,6677,"warship_girls,zhan_jian_shao_nyu"
middle_eastern_mythology,10,6633,
pokemon_oras,3,6616,"pokemon_alpha_sapphire,pokemon_as,pokemon_omega_ruby,pokemon_omega_ruby_and_alpha_sapphire,pokemon_or,pokemon_or&as"
one-punch_man,3,6611,"1-punch_man,1-punchman,1_punch_man,1punch_man,1punchman,one-punchman,one_punch_man,onepunch-man,onepunch_man,onepunchman,wan_pan_man,wanpan_man,wanpanman,ワンパンマン"
metroid,3,6512,
mahou_shoujo_lyrical_nanoha_a's,3,6502,"/mslna,mahou_shoujo_lyirical_nanoha_a's,mahoushoujolyricalnanohaas"
puss_in_boots_(franchise),10,6454,"puss_in_boots_(film),puss_in_boots_(series),puss_in_boots_the_last_wish,puss_in_boots_the_three_diablos,the_adventures_of_puss_in_boots"
to_love-ru,3,6399,"to-love-ru,to_love_ru,toloveru"
diamond_wa_kudakenai,3,6395,diamond_is_unbreakable
ace_attorney,3,6335,gyakuten_saiban
to_heart_2,3,6309,"/th2,toheart2"
hibike!_euphonium,3,6291,sound!_euphonium
little_busters!,3,6279,little_busters
elsword,3,6249,
nanashi_inc.,3,6227,774_inc.
splatoon_1,3,6178,
dead_or_alive,3,6124,"doa,doax"
the_legend_of_zelda:_tears_of_the_kingdom,3,6118,the_legend_of_zelda:_breath_of_the_wild_2
girls_band_cry,3,6088,
vspo!,3,6054,
naruto_shippuuden,3,6015,
kaguya-sama_wa_kokurasetai_~tensai-tachi_no_renai_zunousen~,3,5966,kaguya-sama:_love_is_war
black_rock_shooter,3,5961,"/brs,blackrock_shooter,black★rock_shooter"
punishing:_gray_raven,3,5931,
watashi_ga_motenai_no_wa_dou_kangaetemo_omaera_ga_warui!,3,5930,"/watamote,_it's_your_fault_that_i'm_not_popular.,no_matter_how_you_look_at_it,no_matter_how_you_look_at_it_it's_your_fault_that_i'm_not_popular!"
disgaea,3,5905,"disgaea_2,disgaea_3"
meme_clothing,10,5880,t-shirt_memes
panty_&_stocking_with_garterbelt,3,5842,/psg
new_super_mario_bros._u_deluxe,3,5829,
clannad,3,5793,
hunter_x_hunter,3,5787,hxh
macross_frontier,3,5770,macross_f
megami_magazine,3,5755,megami
studio_trigger,10,5753,"trigger_(anime),trigger_(studio),trigger_inc,trigger_inc.,trigger_incorporated"
ssss.gridman,3,5717,
gundam_seed,3,5688,
darling_in_the_franxx,3,5681,
gundam_00,3,5679,gundam00
angel_beats!,3,5657,angel_beats
petruz_(copyright),10,5640,
queen's_blade,3,5617,
valentine's_day,10,5584,"valentine's_day_2024,valentines,valentines_day,valentinesday2024"
dokidoki!_precure,3,5573,"doki_doki!_precure,doki_doki_precure,dokidoki_precure"
my_hero_academia,10,5524,"bnha,boku_no_hero,boku_no_hīrō_akademia,mha"
amagami,3,5522,amagami_ss
kemono_friends_3,3,5504,
love_live!_superstar!!,3,5453,"hello!!!_love_live!,love_live!_superstar"
phantasy_star,3,5447,
mojang,10,5447,
tekken,3,5440,
mushoku_tensei,3,5418,jobless_reincarnation
fatal_fury,3,5368,"garou,garou_densetsu"
galaga,3,5355,
ranma_1/2,3,5335,"ranma1/2,ranma_½,ranma½"
splatoon_2,3,5332,
heartcatch_precure!,3,5307,"heartcatch_precure,heartcatch_pretty_cure,heartcatch_pretty_cure!"
dungeon_ni_deai_wo_motomeru_no_wa_machigatteiru_darou_ka,3,5289,is_it_wrong_to_try_to_pick_up_girls_in_a_dungeon?
mahou_shoujo_madoka_magica:_hangyaku_no_monogatari,3,5284,rebellion_story
fire_emblem:_the_blazing_blade,3,5228,"/fe7,fe7,fire_emblem:_rekka_no_ken,fire_emblem_blazing_sword,fire_emblem_rekka_no_ken"
twisted_wonderland,3,5207,
blender_cycles,10,5199,
flower_knight_girl,3,5178,
transformers,3,5171,"robots_in_disguise,the_transformers:_the_movie,the_transformers_the_movie,transformers:_cybertron,transformers:_cyberverse,transformers:_galaxy_force,transformers:_rid,transformers:_robots_in_disguise,transformers:_the_movie,transformers:_victory,transformers_(film),transformers_(movie),transformers_film,transformers_galaxy_force,transformers_movie,transformers_rid,transformers_robots_in_disguise,transformers_the_movie"
aikatsu!,3,5165,aikatsu
koha-ace,3,5145,
bluey_(series),10,5143,bluey_(show)
dragon_ball_super,3,5140,dragonballsuper
touqi_guaitan,3,5140,
fullmetal_alchemist,3,5129,"/fma,fma,full_metal_alchemist,hagane_no_renkinjutsushi"
kagerou_project,3,5109,
sono_bisque_doll_wa_koi_wo_suru,3,5108,"my_dress-up_darling,my_dress_up_darling"
puzzle_&_dragons,3,5045,
vtuber,10,5033,vtuber_persona
pripara,3,5027,puri_para
undertale,3,4968,undertail
a.i._voice,3,4964,
osomatsu_(series),3,4960,
sanrio,3,4943,
monster_girl_encyclopedia,3,4932,
animal_crossing,3,4926,"ac:nh,acnh,acnl,animal_crossing:_amiibo_festival,animal_crossing:_new_horizon,animal_crossing:_new_horizons,animal_crossing:_new_leaf,animal_crossing:_the_movie,animal_crossing_new_horizon,animal_crossing_new_horizons,animal_crossing_new_leaf,animal_crossing_pocket_camp,doubutsu_no_mori"
holostars,3,4906,
guilty_gear_xrd,3,4884,
stone_ocean,3,4881,
guild_wars,10,4839,"guildwars,guildwars_2,gw2"
houseki_no_kuni,3,4813,
bethesda_game_studios,10,4809,"bethesda,bethesda_softworks"
spider-man_(series),3,4808,"spider_man,spider_man_(series),spiderman,spiderman_(series)"
super_robot_wars,3,4802,"/srw,superrobotwars"
pokemon_frlg,3,4792,"pokemon_firered,pokemon_firered_and_leafgreen,pokemon_fr,pokemon_fr&lg,pokemon_leafgreen,pokemon_lg"
warhammer_(franchise),10,4787,wh40k
date_a_live,3,4747,
skullgirls,3,4741,
gintama,3,4736,
monster_musume_no_iru_nichijou,3,4704,my_life_with_monstergirl
yurucamp,3,4686,"laid-back_camp,yuru_camp"
osomatsu-san,3,4678,
fire_emblem:_genealogy_of_the_holy_war,3,4675,"/fe4,fe4,fire_emblem:_seisen_no_keifu,fire_emblem_genealogy_of_the_holy_war,fire_emblem_seisen_no_keifu"
steins;gate,3,4656,steins_gate
equestria_girls,10,4653,
len'en,3,4652,
golden_kamuy,3,4651,
nitroplus,3,4626,
sucker_punch_productions,10,4618,
yahari_ore_no_seishun_lovecome_wa_machigatteiru.,3,4618,"_as_i_expected,hamachi,my_teen_romantic_comedy_snafu,my_youth_romantic_comedy_is_wrong,my_youth_romantic_comedy_is_wrong_as_i_expected,oregairu,yahari_ore_no_seishun_love_come_wa_machigatteiru,yahari_ore_no_seishun_love_come_wa_machigatteiru.,yahari_ore_no_seishun_lovecome_ha_machigatteiru.,yahari_ore_no_seishun_lovecome_wa_machigatteiru,yahari_ore_no_seishun_rabukome_wa_machigatteiru"
kingdom_hearts,3,4602,"/kh,kingdom_hearts_mobile"
pocketpair,10,4571,
phantasy_star_online_2,3,4564,/pso2
team_cherry,10,4552,
puyopuyo,3,4543,
kamitsubaki_studio,3,4513,virtual_kaf
street_fighter_6,3,4437,
little_witch_academia,3,4383,
snk,3,4378,
inazuma_eleven,3,4377,
mlp_g5,10,4373,
fire_emblem:_radiant_dawn,3,4339,"/fe10,fe10,fire_emblem:_akatsuki_no_megami,fire_emblem_akatsuki_no_megami"
fate/prototype,3,4282,
massive_monster_(studio),10,4272,
kemono_friends_v_project,3,4256,
pokemon_legends_arceus,10,4253,pokémon_legends:_arceus
xenoblade_chronicles_3,3,4250,
fire_emblem:_mystery_of_the_emblem,3,4235,"/fe3,fe3,fire_emblem:_monshou_no_nazo,fire_emblem_monshou_no_nazo"
library_of_ruina,3,4235,
machikado_mazoku,3,4220,the_demon_girl_next_door
needy_girl_overdose,3,4213,
idolmaster_side-m,3,4175,"idolmaster_side_m,idolmaster_sidem,side-m"
dark_souls_(series),3,4172,"souls_(from_software),souls_(series)"
os-tan,3,4156,os_tan
atelier_ryza,3,4141,
dungeon_and_fighter,3,4121,"arad_senki,dungeon_fighter_online"
suite_precure,3,4113,
phantom_blood,3,4107,
pokemon_rse,3,4102,"pokemon_r&s,pokemon_rs,pokemon_ruby,pokemon_ruby_and_sapphire,pokemon_sapphire"
rareware,10,4085,rare_ltd
alice_in_wonderland,3,4081,
how_to_train_your_dragon,10,4070,httyd
gundam_build_fighters,3,4059,
idolmaster_1,3,4058,
toradora!,3,4025,toradora
the_legend_of_zelda:_twilight_princess,3,4024,
made_in_abyss,3,3995,
pokemon_adventures,3,3981,"/pkspe,pocket_monsters_special,pokemon_special"
lobotomy_corporation,3,3980,
alien_(franchise),10,3957,
gegege_no_kitarou,3,3944,kitarou_of_the_graveyard
vshojo,3,3933,
illumination_entertainment,10,3924,illumination_(company)
taimanin_(series),3,3892,
dungeons_&_dragons,3,3890,
eromanga_sensei,3,3867,ero_manga_sensei
shingeki_no_bahamut,3,3853,
mega_man_(classic),3,3847,"rockman_(classic),rockman_(original)"
steel_ball_run,3,3786,
infinite_stratos,3,3755,
fire_emblem:_path_of_radiance,3,3734,"/fe9,fe9,fire_emblem:_souen_no_kiseki,fire_emblem_souen_no_kiseki"
pokemon_(classic_anime),3,3708,
cyberpunk_(series),3,3703,
zombie_land_saga,3,3703,zombieland_saga
star_wars,3,3683,starwars
star_ocean,3,3674,
fire_emblem:_the_binding_blade,3,3673,"/fe6,fe6,fire_emblem:_fuuin_no_tsurugi,fire_emblem_fuuin_no_tsurugi,fire_emblem_sword_of_seals"
final_fantasy_xi,3,3665,"/ff11,ff11,ffxi,final_fantasy_11"
meitantei_conan,3,3654,"case_closed,detective_conan"
chuunibyou_demo_koi_ga_shitai!,3,3636,"_chunibyo_&_other_delusions,chuu2koi,chuunibyou_demo_koi_ga_shitai,love_chunibyo_&_other_delusions"
kid_icarus,3,3636,
bemani,3,3634,
metal_gear_(series),3,3620,
mobile_suit_gundam,3,3600,kidou_senshi_gundam
doki_doki_literature_club,3,3583,ddlc
street_fighter_v,3,3582,
mahjong_soul,3,3577,
zero_no_tsukaima,3,3570,/znt
shoujo_kageki_revue_starlight,3,3559,
sekaiju_no_meikyuu,3,3530,sekaiju_no_meikyu
evangelion:_3.0_you_can_(not)_redo,3,3515,
sennen_sensou_aigis,3,3513,aigis_the_thousand_year_war
love_live!_school_idol_festival,3,3484,
boku_wa_tomodachi_ga_sukunai,3,3477,"/bokutomo,/haganai,haganai,i_don't_have_many_friends"
spice_and_wolf,3,3466,"ookami_to_koushinryou,spice_&_wolf,wolf_and_spice"
devil_may_cry_(series),3,3459,
hyouka,3,3455,
mahou_sensei_negima!,3,3442,"/msn,mahou_sensei_negima,negima"
the_legend_of_zelda:_ocarina_of_time,3,3413,
yu-gi-oh!_duel_monsters,3,3407,"yugioh_duel_monsters,yuu-gi-ou_duel_monsters"
skyrim,10,3407,tesv
fate/hollow_ataraxia,3,3402,/fha
minecraft,3,3397,mine_craft
fairy_tail,3,3393,
tales_of_vesperia,3,3369,
pokemon_sm_(anime),3,3347,
yu-gi-oh!_gx,3,3339,"yu-gi-oh_gx,yugioh!_gx,yugioh_gx,yuu-gi-ou!_gx,yuu-gi-ou_gx"
toho,10,3332,
maria-sama_ga_miteru,3,3296,"/marimite,/msgm,maria_watches_over_us,marimite"
marvel_cinematic_universe,3,3282,
sen_no_kiseki_(series),3,3281,
fresh_precure!,3,3273,"fresh_precure,fresh_pretty_cure,fresh_pretty_cure!"
samurai_spirits,3,3261,samuraispirits
synthesizer_v,3,3249,
gundam_seed_destiny,3,3217,
haikyuu!!,3,3210,
cevio,3,3206,
mcdonald's,3,3203,mcdonalds
videocult,10,3192,
final_fantasy_vi,3,3166,"/ff6,ff6,ffvi"
changed_(video_game),10,3163,changed_(game)
cyberpunk_edgerunners,3,3154,edgerunners
dragon_quest_iii,3,3144,"/dq3,dragon_quest_3"
mega_man_x_(series),3,3142,"mega_man_x,megaman_x,rockman_x"
project_diva_(series),3,3134,
instant_loss_2koma,10,3126,"il2k,instant_loss_3koma,loss_2koma"
yuri!!!_on_ice,3,3118,yuri_on_ice
hirogaru_sky!_precure,3,3088,soaring_sky!_pretty_cure
pokemon_rgby,3,3082,"pokemon_blue,pokemon_green,pokemon_r&b,pokemon_r&g,pokemon_rb,pokemon_rby,pokemon_red,pokemon_red_and_blue,pokemon_red_and_green,pokemon_rg,pokemon_rgb,pokemon_yellow"
path_to_nowhere,3,3082,wuqi_mitu
prequel_adventure,10,3077,
x-men,3,3064,x_men
warhammer_40k,3,3046,
glitch_productions,10,3039,
evangelion:_2.0_you_can_(not)_advance,3,3030,
batman_(series),3,2996,
tears_of_the_kingdom,10,2975,"breath_of_the_wild_2,totk"
balto_(series),10,2947,balto_(film)
hololive_dev_is,3,2947,
futari_wa_precure,3,2936,"futari_wa_precure_(1st),futari_wa_pretty_cure"
bloodborne,3,2932,
shakugan_no_shana,3,2918,"/sns,shakugannoshana"
kanon,3,2914,
sayonara_zetsubou_sensei,3,2903,/szs
22/7,3,2887,
urusei_yatsura,3,2885,uruseiyatsura
melty_blood,3,2874,
muv-luv,3,2870,"muv_luv,muvluv"
oshiro_project:re,3,2865,"oshiro_collection,oshiro_project,oshiro_project_re,shiropro,shiropro:re"
dota,10,2857,dota2
nichijou,3,2852,my_ordinary_life
kara_no_kyoukai,3,2851,the_garden_of_sinners
happinesscharge_precure!,3,2844,"happiness_charge_precure,happiness_charge_precure!,happinesscharge_precure"
tokyo_ghoul,3,2842,
don_bluth,10,2842,
go!_princess_precure,3,2833,go_princess_precure
working!!,3,2832,wagnaria!!
sonic_boom,10,2810,
mob_entertainment,10,2803,
pokemon_journeys,3,2789,pokemon_swsh_(anime)
osomatsu-kun,3,2787,
final_fantasy_ix,3,2783,"/ff9,ff9,ffix,final_fantasy_9"
baldur's_gate,3,2771,
fire_emblem:_the_sacred_stones,3,2770,"/fe8,fe8,fire_emblem:_seima_no_kouseki,fire_emblem_seima_no_kouseki"
alice_gear_aegis,3,2764,
youkai_watch,3,2762,yokai_watch
azumanga_daioh,3,2761,"azumanga,azumanga_daiou"
final_fantasy_vii_rebirth,3,2753,
overlord_(maruyama),3,2747,
baldur's_gate_3,3,2731,
zeta_gundam,3,2725,
soulcalibur,3,2718,
my_little_pony,3,2693,"(mlp),/mlp,missing_cutie_mark,mlp,mylittlepony"
yu-gi-oh!_5d's,3,2692,"yugioh_5d's,yuu-gi-ou_5d's"
pikmin_(series),3,2681,
aria_(manga),3,2664,aria
pokemon_gsc,3,2655,"pokemon_crystal,pokemon_g&s,pokemon_gold,pokemon_gold_and_silver,pokemon_gs,pokemon_silver"
hidamari_sketch,3,2654,sunshine_sketch
hayate_no_gotoku!,3,2632,"/hng,hayate_no_gotoku,hayate_no_gotoku!!,hayate_the_combat_butler"
m.u.g.e.n,3,2631,mugen_(game)
promare,3,2624,
yes!_precure_5,3,2620,"pretty_cure_5,yes!_pretty_cure_5"
closers,3,2618,
danganronpa_3_(anime),3,2606,danganronpa_3
my_little_pony:_friendship_is_magic,3,2605,my_little_pony_friendship_is_magic
persona_(series),10,2602,
project_voltage,3,2597,
fire_emblem_echoes:_shadows_of_valentia,3,2593,fire_emblem_echoes:_mou_hitori_no_eiyuuou
kid_icarus_uprising,3,2592,
mother_(series),3,2590,mother_(game)
final_fantasy_viii,3,2583,"/ff8,ff8,ffviii"
fate/prototype:_fragments_of_blue_and_silver,3,2563,
shadowverse,3,2550,
megami_tensei_persona,10,2541,"megami_ibunroku_persona,megami_tensei:_persona,persona_(franchise),persona_(game),persona_(shin_megami_tensei),persona_(smt),persona_-trinity_soul-,persona_2:_eternal_punishment,persona_2:_innocent_sin,persona_2:_punishment,persona_2:_sin,persona_2_eternal_punishment,persona_2_innocent_sin,persona_2_punishment,persona_2_sin,persona_3_(portable),persona_4_arena,persona_4_the_ultimate_in_mayonaka_arena,persona_5:_dancing_in_starlight,persona_5_dancing_in_starlight,persona_5_dancing_star_night,persona_q,persona_q2,persona_q_shadow_of_the_labyrinth,persona_smt,shadow_of_the_labyrinth,shin_megami_tensei_persona,smt_persona,the_ultimate_in_mayonaka_arena,ultimate_in_mayonaka_arena"
senpai_ga_uzai_kouhai_no_hanashi,3,2538,my_senpai_is_annoying
shin_megami_tensei,3,2530,
brave_witches,3,2514,
komi-san_wa_komyushou_desu,3,2513,komi_can't_communicate
saenai_heroine_no_sodatekata,3,2485,"how_to_raise_a_boring_girlfriend,saekano"
breath_of_fire,3,2476,"/bof,bof"
street_fighter_zero_(series),3,2476,"street_fighter_alpha_1,street_fighter_alpha_2,street_fighter_alpha_3,street_fighter_zero,street_fighter_zero_2,street_fighter_zero_3,street_fighter_zero_i,street_fighter_zero_ii,street_fighter_zero_iii"
dandadan,3,2468,
warcraft,3,2467,"worldofwarcraft,wow"
jojo's_bizarre_adventure,10,2462,"diamond_is_unbreakable,jjba,jojo_reference,jojos_bizarre_adventure"
shinrabanshou,3,2453,shinrabansho
klonoa_(series),10,2447,
dark_souls_i,3,2441,
new_game!,3,2439,
senran_kagura_shoujo-tachi_no_shin'ei,3,2437,senran_kagura_shoujo-tachi_no_shinei
twitter,3,2436,
cinderella_girls_gekijou,3,2431,
avatar_legends,3,2431,avatar_(series)
final_fantasy_iv,3,2430,"/ff4,ff4,ffiv,finalfantasyiv"
spider-verse,3,2408,
atelier_ryza_1,3,2402,
final_fantasy_tactics,3,2401,"/fft,fft,fftactics"
soul_eater,3,2399,
fluffy_pony,10,2376,
shinryaku!_ikamusume,3,2373,shinryaku!_ika_musume
persona_3_portable,3,2360,
i_wani_hug_that_gator,10,2356,
sword_girls,3,2355,
ikkitousen,3,2351,
dragon_ball_(classic),3,2350,
seiken_densetsu,3,2348,
yume_nikki,3,2346,"dream_diary,yumenikki"
macross_delta,3,2339,
street_fighter_iv_(series),3,2338,"street_fighter_iv,super_street_fighter_iv,ultra_street_fighter_iv"
luo_xiaohei_zhanji,3,2335,
warriors_(book_series),10,2309,"fighter_felines,warriors_(cats)"
inuyasha,3,2301,
durarara!!,3,2296,"drrr,drrr!!,durarara"
watashi_ni_tenshi_ga_maiorita!,3,2289,wataten
mega_man_zero_(series),3,2288,"megaman_zero,rockman_zero"
american_mythology,10,2281,
berserk,3,2270,
nisemonogatari,3,2268,
cookie_run,3,2256,
voicevox,3,2250,
final_fantasy_x,3,2250,"/ff10,ff10,ffx,final_fantasy_10,finalfantasy10"
show_by_rock!!,3,2249,"show_by_rock,show_by_rock!"
bowsette_meme,10,2246,"koopahime,peachser"
senran_kagura_new_link,3,2243,
final_fantasy_v,3,2238,"/ff5,ff5,ffv"
tales_of_the_abyss,3,2237,
mob_psycho_100,3,2225,"mob_psycho,mp100"
talespin,10,2222,tailspin
kill_me_baby,3,2221,
benghuai_xueyuan,3,2218,"guns_girl_school_dayz,guns_girlz,houkai_gakuen"
fire_emblem_cipher,3,2216,
.live,3,2216,
pokemon_horizons,3,2212,pokemon_sv_(anime)
poptepipic,3,2209,
bleach:_sennen_kessen-hen,3,2208,bleach:_the_thousand-year_blood_war
tales_of_xillia,3,2208,
gundam_build_fighters_try,3,2201,
bishoujo_senshi_sailor_moon_s,3,2200,
wild_arms,3,2197,
muv-luv_alternative,3,2187,muvluv_alternative
wizarding_world,3,2182,
god_eater,3,2176,gods_eater
fate/samurai_remnant,3,2175,
lawson,3,2164,
uzaki-chan_wa_asobitai!,3,2157,uzaki-chan_wants_to_hang_out!
guilty_crown,3,2154,
monster_musume,10,2152,daily_life_with_monster_girl
star_twinkle_precure,3,2150,
smiling_critters,10,2145,
heaven_burns_red,3,2139,
to_love-ru_darkness,3,2138,toloveru_darkness
onmyoji,3,2129,
alchemy_stars,3,2127,
ducktales_(2017),10,2126,"duck_tales_(2017),duck_tales_2017,ducktales_(2017_series),ducktales_2017,ducktales_reboot,modern_ducktales,new_ducktales,reboot_ducktales"
yuuki_bakuhatsu_bang_bravern,3,2124,bang_brave_bang_bravern
world_of_warcraft,3,2113,
sword_art_online:_alicization,3,2111,sword_art_online_alicization
ano_hi_mita_hana_no_namae_wo_bokutachi_wa_mada_shiranai.,3,2107,"/anohana,ano_hi_mita_hana_no_namae_wo_bokutachi_wa_mada_shiranai,anohana,the_flower_we_saw_that_day"
pokemon_xy_(anime),3,2106,
miss_kobayashi's_dragon_maid,10,2105,
clover_studio,10,2092,
arcane:_league_of_legends,3,2092,league_of_legends_arcane
galaxytrail,10,2091,
holostars_english,3,2091,
melonbooks,3,2090,
utawarerumono,3,2086,utawareru_mono
fredina's_nightclub,10,2083,
idolmaster_dearly_stars,3,2082,idolmaster_ds
sengoku_basara,3,2080,
dragon's_crown,3,2077,
scooby-doo_(series),10,2076,"scooby_doo_(series),scoobydoo_(series)"
dragon_quest_iv,3,2073,"/dq4,dragon_quest_4"
okami_(capcom),10,2072,"okamiden,ōkamiden"
ultra_series,3,2070,
subscribestar,10,2070,
darker_than_black,3,2063,/dtb
boruto:_naruto_next_generations,3,2056,
call_of_duty,3,2047,
rabbit_hole_(vocaloid),3,2042,
ado_(utaite),3,2041,ado_(singer)
ryuuou_no_oshigoto!,3,2031,the_ryuo's_work_is_never_done!
sakura_taisen,3,2026,"sakura_wars,sakurataisen"
final_fantasy_vii_advent_children,3,2024,
touhou_tag_dream,3,2021,
sugar_lyric,3,2014,
air_(visual_novel),3,2004,air
hugtto!_precure,3,2000,"hug_it!_precure,hug_it_precure,hugtto_precure"
mega_man_zx,3,1995,"megaman_zx,rockman_zx"
brok_the_investigator,10,1992,
cowcat_games,10,1992,
di_gi_charat,3,1991,"digi_charat,digicharat"
gundam_zz,3,1979,
kirakira_precure_a_la_mode,3,1978,"kira_kira_precure,kira_kira_precure_a_la_mode,kirakira_precure,precure_a_la_mode"
godzilla_(series),3,1971,
galaxy_angel,3,1968,"/ga,galaxyangel"
dark_souls,10,1968,"dark_souls_1,dark_souls_2,dark_souls_3,dark_souls_remastered,demons_souls"
ms_paint_adventures,10,1962,mspaintadventures
little_red_riding_hood,3,1960,"little_red,red_riding_hood"
ori_(series),10,1957,"ori_and_the_blind_forest,ori_and_the_will_of_the_wisps"
blue_sky_studios,10,1956,
gensou_suikoden,3,1955,
kuro_no_kiseki_(series),3,1947,
mon-musu_quest!,3,1945,
cc-by-nc-nd,10,1938,"by-nc-nd,cc:by-nc-nd"
mihoyo,3,1937,mihoyo_technology_(shanghai)_co._ltd.
live_a_hero,3,1935,
kin-iro_mosaic,3,1935,"kin'iro_mosaic,kiniro_mosaic,kinmoza!"
mega_man_legends_(series),3,1933,"megaman_legends,rockman_dash"
101_dalmatian_street,10,1933,
coca-cola,3,1923,"cherry_coke,coca_cola,coke,diet_coke"
black_lagoon,3,1923,
fairy_tales,10,1922,fairy_tale
aoki_hagane_no_arpeggio,3,1917,arpeggio_of_blue_steel
luigi's_mansion,3,1915,
tropical-rouge!_precure,3,1909,
dragon_quest_v,3,1907,"/dq5,dragon_quest_5"
mabinogi,3,1904,
idolmaster_2,3,1903,
summer_pockets,3,1902,
sana_channel,3,1898,
shantae_(series),3,1894,
tenka_hyakken,3,1893,
harry_potter_(series),3,1884,harrypotter
love_plus,3,1881,
under_night_in-birth,3,1879,"/unib,/uniel"
gundam_tekketsu_no_orphans,3,1877,gundam_iron-blooded_orphans
amagi_brilliant_park,3,1865,
koihime_musou,3,1863,
death_note,3,1860,deathnote
yo-kai_watch,10,1855,yokai_watch
yu-gi-oh!_arc-v,3,1855,"yugioh_arc-v,yuu-gi-ou_arc-v"
ijiranaide_nagatoro-san,3,1852,"_miss_nagatoro,_nagatoro,don't_toy_with_me,please_don't_bully_me,please_don't_bully_me_nagatoro"
echo_(series),10,1851,
yuusha_de_aru,3,1849,
tate_no_yuusha_no_nariagari,3,1841,
saga,3,1840,
gundam_unicorn,3,1831,
tales_of_symphonia,3,1826,
pangya,3,1824,
girls'_frontline_neural_cloud,3,1824,"girls_frontline_neural_cloud,neural_cloud,project_neural_cloud"
shokugeki_no_souma,3,1821,"food_wars!,shokugeki_no_soma"
aldnoah.zero,3,1820,
final_fantasy_vii_ever_crisis,3,1817,
digital_extremes,10,1815,
hazbin_hotel,3,1815,
playstation,10,1814,"play_station,playstation_software"
ghost_in_the_shell,3,1814,"ghost_in_the_shell:_stand_alone_complex,ghost_in_the_shell:stand_alone_complex,gits,koukaku_kidoutai,mobile_armored_riot_police,stand_alone_complex"
sinoalice,3,1812,
touhou_lostword,3,1812,touhou_lost_word
popcap_games,10,1809,"popcap_games_inc,popcap_games_inc.,popcap_games_incorporated"
frozen_(disney),3,1808,
saki_achiga-hen,3,1806,saki_achiga_hen
free!,3,1806,
lord_of_the_mysteries,3,1802,
seiken_densetsu_3,3,1795,"sd3,seikendensetsu3"
heaven's_feel,3,1795,
digimon_adventure,3,1793,digimon_adventures
takara_tomy,10,1789,"tomy_(company),tomy_company,tomy_company_ltd,tomy_company_ltd."
tales_of_graces,3,1789,
doraemon,3,1786,
goblin_slayer!,3,1786,
bayonetta_(series),3,1785,
dairoku_ryouhei,3,1782,"dairoku_youhei,jaeger_six"
gyee,3,1780,
xenoblade_chronicles_1,3,1777,xenoblade_1
delicious_party_precure,3,1777,
dorohedoro,3,1776,
mahou_girls_precure!,3,1775,"maho_girls_precure,maho_girls_precure!,mahou_girls_precure,mahou_tsukai_precure,mahou_tsukai_precure!,mahoutsukai_precure,mahoutsukai_precure!"
super_mario_galaxy,3,1773,
dragon_quest_xi,3,1772,
onegai_my_melody,3,1772,"onegaimymelody,please_my_melody"
karakai_jouzu_no_takagi-san,3,1760,teasing_master_takagi-san
fire_emblem_warriors:_three_hopes,3,1760,fire_emblem:_three_hopes
pokemon_dppt_(anime),3,1756,pokemon_dp_(anime)
tensei_shitara_slime_datta_ken,3,1748,
pokemon_go,3,1746,pokémon_go
magi_the_labyrinth_of_magic,3,1742,
slam_dunk_(series),3,1741,
scott_pilgrim_(series),3,1735,
plants_vs._zombies,10,1732,"plant_versus_zombie,plant_versus_zombies,plant_vs._zombie,plant_vs._zombies,plant_vs_zombie,plant_vs_zombies,plants_versus_zombie,plants_versus_zombies,plants_versus_zombies_2,plants_versus_zombies_2:_it's_about_time,plants_versus_zombies_2:_its_about_time,plants_versus_zombies_2_it's_about_time,plants_versus_zombies_2_its_about_time,plants_vs._zombie,plants_vs._zombies_2,plants_vs._zombies_2:_it's_about_time,plants_vs._zombies_2:_its_about_time,plants_vs._zombies_2_it's_about_time,plants_vs._zombies_2_its_about_time,plants_vs_zombie,plants_vs_zombies_2,plants_vs_zombies_2:_it's_about_time,plants_vs_zombies_2:_its_about_time,plants_vs_zombies_2_it's_about_time,plants_vs_zombies_2_its_about_time,pvz,pvz2,pvz2:_it's_about_time,pvz2:_its_about_time,pvz2_it's_about_time,pvz2_its_about_time"
counter:side,3,1731,counter_side
game_freak,10,1730,gamefreak
phase_connect,3,1730,
innersloth,10,1728,
sen_no_kiseki_i,3,1723,"sen_no_kiseki,trails_of_cold_steel"
hataraku_saibou,3,1720,cells_at_work
keroro_gunsou,3,1718,"kerorogunsou,sergeant_frog"
microsoft_windows,3,1714,windows
kizuna_ai_inc.,3,1714,a.i._channel
teen_titans,3,1708,"teen_titans_(comics),teen_titans_(dc)"
pokemon_platinum,3,1708,
final_fantasy_xv,3,1708,"/ff15,ff15,ffxv,final_fantasy_versus_xiii"
kyoukaisenjou_no_horizon,3,1707,"/ksnh,horizon_in_the_middle_of_nowhere,horizon_on_the_borderline,horizon_on_the_middle_of_nowhere,horizon_over_the_middle_of_nowhere,kyoukai_sen-jou_no_horizon,kyoukai_senjou_no_horizon,kyoukaisen-jou_no_horizon"
va-11_hall-a,3,1706,
my-hime,3,1703,"mai-hime,mai_hime,maihime,my_hime"
fate/extella,3,1702,
suzumiya_haruhi_no_shoushitsu,3,1702,"/shns,nagato_yuki_(shoushitsu),suzumiya_haruhi_(shoushitsu),the_disappearance_of_suzumiya_haruhi"
chikn_nuggit,10,1701,
castlevania_(series),3,1698,akumajou_dracula
tsugu_(vtuber),3,1697,
dagashi_kashi,3,1695,
ib_(kouri),3,1694,
north_american_mythology,10,1691,
nippon_ichi_software,10,1689,
tokyo_7th_sisters,3,1683,
kannagi,3,1682,
shin_jigen_game_neptune_vii,3,1679,megadimension_neptunia_vii
xenosaga,3,1676,
futaba_channel,3,1675,"2chan,futaba"
call_of_duty:_modern_warfare_2,3,1673,
world_trigger,3,1673,
phantom_of_the_kill,3,1672,
magical_mirai_(vocaloid),3,1665,
gabriel_dropout,3,1665,
resident_evil_4,3,1658,biohazard_4
indigenous_north_american_mythology,10,1650,native_american_mythology
lord_el-melloi_ii_case_files,3,1647,
senjou_no_valkyria_(series),3,1642,"senjou_no_valkyria,valkyria_chronicles_(series)"
dragon_ball_fighterz,3,1642,
deadpool_(series),3,1641,
cinderella_series,3,1639,
senran_kagura_shinovi_versus,3,1638,
the_legend_of_zelda:_skyward_sword,3,1634,
yotsubato!,3,1634,"yotsuba&!,yotsubato"
the_lion_guard,10,1631,
kaiji,3,1628,
tsukihime_(remake),3,1625,
hachigatsu_no_cinderella_nine,3,1623,
mega_man_battle_network_(series),3,1622,"megaman_battle_network,rockman.exe,rockman_exe"
toaru_majutsu_no_index:_old_testament,3,1621,
puchimasu!,3,1617,
trigun,3,1613,
evangelion:_3.0+1.0_thrice_upon_a_time,3,1612,
tamako_market,3,1608,
ambience_synesthesia,3,1606,
minecraft_youtube,3,1600,mcyt
doukyuusei_(series),3,1599,
black_survival,3,1597,
cartoon_hangover,10,1596,
among_us,3,1596,
sword_art_online:_code_register,3,1596,
mahou_tsukai_no_yoru,3,1591,"/mahoyo,witch_on_the_holy_night"
embodiment_of_scarlet_devil,3,1580,the_embodiment_of_scarlet_devil
transformers:_generation_1,3,1579,
tales_of_zestiria,3,1578,
cave_story,10,1568,
mahou_shoujo_ni_akogarete,3,1562,"gushing_over_magical_girls,looking_up_to_magical_girls"
guilty_gear_xx,3,1559,
cardfight!!_vanguard,3,1553,cardfight_vanguard
ankama,10,1549,
toranoana,3,1547,comic_toranoana
summon_night,3,1544,
monster_hunter_rise,3,1542,
dragon_ball_gt,3,1538,"/dbgt,dragonball_gt"
warioware,3,1537,"made_in_wario,wario_ware"
final_fantasy_xvi,3,1537,"ff16,ffxvi,final_fantasy_16"
super_sentai,3,1536,
alien_stage,3,1535,
pani_poni_dash!,3,1534,"/ppd,/ppd!,pani_poni,pani_poni_dash,paniponidash"
mother_2,3,1534,earthbound
study_partners,10,1533,study_parters
dark_souls_iii,3,1528,dark_souls_3
sister_location,10,1527,"five_nights_at_freddy's_sister_location,fnaf_5,fnaf_sl,the_sister_location"
re:stage!,3,1527,
beatmania_(series),3,1526,
seishun_buta_yarou,3,1521,"aobuta,rascal_does_not_dream_of_bunny_girl_senpai"
black_clover,3,1520,
beatmania_iidx,3,1519,
eureka_seven_(series),3,1519,
classic_sonic_(universe),10,1511,"classic_sonic's_style,classic_sonic's_universe,classic_sonic's_world,classic_sonic_style,classic_sonic_universe,classic_sonic_world,classic_sonics_universe,classic_sonics_world,sonic_mania_plus"
dengeki_moeoh,3,1500,dengeki_moeou
nyantype,3,1497,
rance_(series),3,1493,
world_flipper,3,1491,
katekyo_hitman_reborn!,3,1490,"katekyo_hitman_reborn,reborn!"
dog_days,3,1490,
tera_online,3,1488,
street_fighter_iii_(series),3,1485,"3rd_strike,street_fighter_3,street_fighter_iii,street_fighter_iii:_2nd_impact,street_fighter_iii:_3rd_strike"
identity_v,3,1481,
hi-rez_studios,10,1481,
the_moon_studio,3,1480,"kaguya_luna_(character),pinky_pop_hepburn_official"
paladins_(game),10,1478,
hellsing,3,1472,
wonderful_precure!,3,1472,
persona_5_the_royal,3,1472,
dragalia_lost,3,1468,
tears_of_themis,3,1467,
little_nuns_(diva),3,1467,little_nun_(diva)
nekopara,3,1463,
dissidia_final_fantasy,3,1461,"/dff,dissidia"
healin'_good_precure,3,1461,"healin_good_precure,healing_good_precure"
shironeko_project,3,1460,
love_live!_school_idol_festival_all_stars,3,1459,
7th_dragon_(series),3,1453,
tokidoki_bosotto_roshia-go_de_dereru_tonari_no_alya-san,3,1452,"alya_sometimes_hides_her_feelings_in_russian,roshidere,the_neighboring_aarya-san_who_sometimes_acts_affectionate_and_murmuring_in_russian,tokidoki_bosotto_roshia-go_de_dereru_tonari_no_arya-san"
adventure_time,3,1448,
saint_seiya,3,1447,
ar_tonelico,3,1446,
inazuma_eleven_go_chrono_stone,3,1446,
jojolion,3,1445,
little_red_riding_hood_(copyright),10,1441,
tokimeki_memorial,3,1437,
team_fortress_2,3,1437,tf2
bombergirl,3,1434,
the_legend_of_zelda:_the_wind_waker,3,1433,the_wind_waker
warhammer_40000,10,1433,wh40k
funamusea,3,1433,
quiz_magic_academy,3,1432,/qma
kimi_no_na_wa.,3,1432,"kimi_no_na_wa,your_name."
interspecies_reviewers,10,1431,
out-of-placers,10,1425,out_of_placers
winnie_the_pooh_(franchise),10,1424,
amphibia_(series),10,1422,
silver_soul_(comic),10,1420,
girlfriend_(kari),3,1420,
doukyuusei_another_world,3,1417,
superman_(series),3,1415,
ark_order,3,1414,
to_heart,3,1413,"/th,toheart"
arcana_heart,3,1413,
eureka_seven,3,1413,"eureka_7,koukyoushihen_eureka_7,koukyoushihen_eureka_seven"
mahou_shoujo_lyrical_nanoha_vivid,3,1406,/mslnv
nagi_no_asukara,3,1400,"a_lull_in_the_sea,nagiasu"
high_school_fleet,3,1400,"hai-furi,haifuri"
makai_senki_disgaea,3,1400,disgaea_1
yuyushiki,3,1398,
sega_fave,10,1396,sega_toys
jashin-chan_dropkick,3,1395,dropkick_on_my_devil!
yama_no_susume,3,1394,encouragement_of_climb
no_game_no_life,3,1392,
boku_no_kokoro_no_yabai_yatsu,3,1390,the_dangers_in_my_heart
fuwa_fuwa_cinnamoroll,3,1389,
mattel,10,1387,
kami_nomi_zo_shiru_sekai,3,1385,"/kaminomi,kaminomi,the_world_god_only_knows"
ryuu_ga_gotoku_(series),3,1385,"like_a_dragon_(series),ryuu_ga_gotoku"
super_robot_wars_original_generation,3,1384,"/srwog,/swrog"
sam_and_max,10,1376,sam_&_max
vividred_operation,3,1375,/vivipan
haiyore!_nyaruko-san,3,1374,nyaruko:_crawling_with_love
gundam_build_divers,3,1373,
metal_gear_solid,3,1371,
furaffinity,10,1371,fur_affinity
shining_(series),3,1367,
ocarina_of_time,10,1366,
majo_no_tabitabi,3,1365,
slayers,3,1364,
g_gundam,3,1359,"g-gundam,kidou_butouden_g_gundam,mobile_fighter_g_gundam"
princess_principal,3,1355,
disney,3,1349,hercules_(1997)
nier,3,1348,"nier_gestalt,nier_replicant"
make_heroine_ga_oo_sugiru!,3,1346,too_many_losing_heroines!
yuuki_yuuna_wa_yuusha_de_aru,3,1345,"yuki_yuna_is_a_hero,yuyuyu"
gekkan_shoujo_nozaki-kun,3,1343,monthly_girls'_nozaki-kun
tokyo_revengers,3,1342,
maplestory,3,1338,maple_story
final_fantasy_xii,3,1337,"/ff12,ff12,ffxii"
adastra_(series),10,1336,
nintendo,3,1334,
dead_or_alive_5,3,1332,
pokemon_lgpe,3,1332,
shirobako,3,1331,white_box
lupin_iii,3,1326,lupin_the_third
overwatch_2,3,1324,
ryuuko_no_ken,3,1324,art_of_fighting
armored_core,3,1323,
liz_to_aoi_tori,3,1323,liz_and_the_blue_bird
star_vs._the_forces_of_evil,10,1321,svtfoe
strike_witches:_suomus_misfits_squadron,3,1319,
toaru_majutsu_no_index:_new_testament,3,1318,to_aru_majutsu_no_index:_new_testament
blue_lock,3,1317,
katawa_shoujo,3,1317,katawa_shojo
wind_waker,10,1316,
platinumgames,10,1311,platinum_games
douluo_dalu,3,1306,
my-otome,3,1305,"mai-otome,mai_otome,maiotome,my-zhime,my_otome,my_zhime"
char's_counterattack,3,1304,
cowboy_bebop,3,1303,
chrono_trigger,3,1302,
final_fantasy_xiii,3,1300,"/ff13,ff13,ffxiii"
newtype,3,1297,
vrchat,3,1295,vr_chat
blender_eevee,10,1293,
goodsmile_racing,3,1292,
shoujo_kakumei_utena,3,1287,revolutionary_girl_utena
evillious_nendaiki,3,1285,
fate/unlimited_codes,3,1283,
rewrite,3,1282,
kuroko_no_basuke,3,1282,"kuroko's_basketball,kuroko_no_basket"
the_ring,3,1274,ringu
senren_banka,3,1269,
if_hell_had_a_taste,10,1261,
ta_ga_tame_no_alchemist,3,1260,dare_ga_tame_no_alchemist
girls'_frontline_2:_exilium,3,1259,girls_frontline_2:_exilium
unicorn_wars,10,1259,
fuga:_melodies_of_steel,10,1258,fuga_melodies_of_steel
the_legend_of_zelda:_a_link_between_worlds,3,1258,
pack_street,10,1250,
kanojo_okarishimasu,3,1250,"kanokari,rent-a-girlfriend"
shinkai_no_valkyrie,3,1250,valkyrie_crusade
texnatsu,10,1250,
nanatsu_no_taizai,3,1250,the_seven_deadly_sins_(series)
choujigen_game_neptune,3,1247,
monster_hunter:_world,3,1244,
larian_studios,10,1242,
danganronpa_another_episode:_ultra_despair_girls,3,1237,zettai_zetsubou_shoujo
the_legend_of_korra,3,1236,"avatar:_legend_of_korra,avatar:legends_of_korra,legend_of_korra"
aikatsu_stars!,3,1233,
fate/grand_order_arcade,3,1233,
star_ocean_the_second_story,3,1229,"/so2,star_ocean_2"
mawaru_penguindrum,3,1228,
blend_s,3,1225,
non_non_biyori,3,1225,
crash_team_racing_(series),10,1225,
avatar:_the_last_airbender,3,1224,avatar_the_last_airbender
gundam_wing,3,1224,
scott_pilgrim_takes_off,3,1220,
metal_gear,10,1219,
kimi_kiss,3,1218,kimikiss
mother_3,3,1218,
spider-man:_into_the_spider-verse,3,1215,
deltarune,3,1215,"delta_rune_(game),deltarune_(game)"
ichigo_mashimaro,3,1214,"ichigomashimaro,strawberry_marshmallow"
the_king_of_fighters_xv,3,1211,
nisekoi,3,1210,
busou_shinki,3,1206,
senran_kagura_new_wave,3,1205,
.hack//,3,1204,
aa_megami-sama,3,1204,"ah_my_goddess,oh_my_goddess"
pokemon_tcg,3,1195,"pokemon_trading_card_game,pokémon_tcg,pokémon_trading_card_game"
spider-man:_across_the_spider-verse,3,1192,
da_capo,3,1191,
fushigi_no_umi_no_nadia,3,1189,nadia:_the_secret_of_blue_water
getsuyoubi_no_tawawa,3,1189,
garfield_(series),10,1186,"garfield_&_friends,garfield_and_friends,garfield_series,garfield_show,the_garfield_show"
taimanin_asagi,3,1186,
predator_(franchise),10,1184,
metal_slug,3,1183,
nige_jouzu_no_wakagimi,3,1182,"nigejozu_no_wakagimi,nigewaka,the_elusive_samurai"
ssss.dynazenon,3,1181,
dream_c_club_(series),3,1180,
toji_no_miko,3,1178,katana_maidens
pokemon_rse_(anime),3,1178,pokemon_ag
sekai_seifuku:_bouryaku_no_zvezda,3,1177,world_conquest_zvezda_plot
lgbt_pride_month,10,1177,"bi_pride_month,bisexual_pride_month,gay_pride_month,homosexual_pride_month,lesbian_pride_month,trans_pride_month,transgender_pride_month"
lilith_games,10,1176,
gakkou_gurashi!,3,1175,school-live!
pixiv,3,1173,
starbucks,3,1172,
violet_evergarden_(series),3,1171,
youtube,3,1171,
shoujo_shuumatsu_ryokou,3,1171,girls'_last_tour
epic_seven,3,1170,
nu_carnival,3,1169,
clubstripes,10,1167,club_stripes
south_park,3,1166,
crisis_core_final_fantasy_vii,3,1163,"crisis_core,final_fantasy_vii_crisis_core"
soulworker,3,1163,soul_worker
avengers_(series),3,1158,avengers
dog_knight_rpg,10,1158,
discord_(app),10,1157,
minami-ke,3,1154,minamike
crash_team_racing_nitro-fueled,10,1153,
girls_und_panzer_senshadou_daisakusen!,3,1152,
shuffle!,3,1149,shuffle
hello_kitty,3,1148,
nijisanji_kr,3,1146,
brown_dust_(series),3,1145,
studio_ghibli,3,1141,
kingdom_hearts_ii,3,1138,kingdom_hearts_2
tokyo_ghoul:re,3,1138,
majo_no_takkyuubin,3,1136,
silent_hill_(series),3,1136,
hades_(series),3,1136,
bishoujo_senshi_sailor_moon_stars,3,1136,
osamu_tezuka,10,1134,tezuka_osamu
destiny_(video_game),10,1131,
splatoon_2:_octo_expansion,3,1130,
dream_c_club,3,1130,dream_club
yu_yu_hakusho,3,1129,yuu_yuu_hakusho
gundam_seed_freedom,3,1127,
serial_experiments_lain,3,1125,/sel
kino_no_tabi,3,1119,kino's_journey
tales_of_berseria,3,1119,
blade_&_soul,3,1118,
wanderlust,10,1118,
valorant,3,1117,
the_amazing_digital_circus,3,1114,"digital_circus,tadc"
mahou_shoujo_ikusei_keikaku,3,1113,"magical_girl_raising_project,mahoiku"
odin_sphere,3,1113,odinsphere
hokuto_no_ken,3,1113,
idolmaster_cinderella_girls_u149,3,1111,
denonbu,3,1110,
street_fighter_ii_(series),3,1110,"street_fighter_ii,street_fighter_ii'_turbo:_hyper_fighting,super_street_fighter_ii:_the_new_challengers,super_street_fighter_ii_turbo_hd_remix,super_street_fighter_ii_x"
uchuu_senkan_yamato,3,1109,"space_battleship_yamato,star_blazers"
xenogears,3,1103,
indie_utaite,3,1102,
google_doodle,10,1097,
assassin's_creed_(series),3,1095,
deadpool_&_wolverine,3,1094,
the_legend_of_zelda:_majora's_mask,3,1093,majoras_mask
nintendo_ds_family,10,1092,
fate/strange_fake,3,1091,
kidou_senkan_nadesico,3,1088,martian_successor_nadesico
studio_klondike,10,1087,
dota_(series),3,1082,
bambi_(film),10,1080,
manatsu_no_yo_no_inmu,3,1080,"ma_natsu_no_yo_no_inmu,manatsu_no_yoru_no_inmu"
devil_may_cry_5,3,1078,
dragon_ball_super_broly,3,1072,
the_great_ace_attorney,3,1070,dai_gyakuten_saiban
monster_musume_no_iru_nichijou_online,3,1070,
dolphin_wave,3,1070,
kuro_no_kiseki_i,3,1067,"kuro_no_kiseki,trails_through_daybreak"
fallout_equestria,10,1065,fallout:_equestria
brown_dust_2,3,1064,
aquarion_(series),3,1062,
idoly_pride,3,1062,
super_real_mahjong,3,1062,
mirai_nikki,3,1060,future_diary
dragon_quest_viii,3,1058,"/dq8,dq8,dragon_quest_8"
touhou_cannonball,3,1058,
echo_(game),10,1057,
dota_2,3,1055,defense_of_the_ancients_2
pixiv_fantasia_last_saga,3,1054,
i_mean_breast_milk,10,1054,iced_latte_meme
elden_ring:_shadow_of_the_erdtree,3,1053,
anothereidos_of_dragon_vein_r,10,1051,another_eidos_of_dragon_vein_r
american_dragon:_jake_long,10,1051,"american_dragon,american_dragon_jake_long"
naughty_dog,10,1045,
rune_factory,3,1045,
paper_mario,3,1045,the_thousand_year_door
bucky_o'hare_(series),10,1041,
nikki_(series),3,1040,
love_and_deepspace,3,1038,
cosmic_break,3,1035,
eternal_return:_black_survival,3,1033,
star_ocean_till_the_end_of_time,3,1033,"/so3,star_ocean_3"
youkoso_jitsuryoku_shijou_shugi_no_kyoushitsu_e,3,1029,classroom_of_the_elite
youjo_senki,3,1029,saga_of_tanya_the_evil
sakura_no_sekai,3,1028,
tenshi_souzou_re-boot!,3,1028,tenshi_souzou
apple_inc.,3,1028,
powerpuff_girls,3,1026,"power_puff_girls,the_powerpuff_girls"
vsinger_(vocaloid),3,1026,"vocaloid_china,vocanese,vsinger"
shugo_chara!,3,1025,"shugo_chara,shugo_kyara,shugo_kyara!"
pop'n_music,3,1023,
fallout_(series),3,1020,
oblivion,10,1019,
master_detective_archives:_rain_code,3,1019,
sora_no_kiseki,3,1019,trails_in_the_sky
highschool_of_the_dead,3,1018,
vg_cats,10,1017,vgcats
gnosia,3,1017,
zoids,3,1017,
madou_monogatari,3,1015,
capcom,3,1015,
choujikuu_yousai_macross,3,1010,the_super_dimension_fortress_macross
riddle_joker,3,1009,
d.gray-man,3,1006,dgray-man
aika_(series),3,1001,
